,phone,word
0,a c e ð a,"['akeda', 'aqueda']"
1,a e l,"['ael', 'ahel']"
2,a e n θ,"['áenz', 'aenz']"
3,a e θ,"['aez', 'áez']"
4,a f e ɣ t̪ o,"['afectó', 'afecto']"
5,a f i,"['afi', 'haffee']"
6,a i a,"['ahía', 'aía']"
7,a i k a,"['aica', 'aika']"
8,a i l,"['ail', 'áil']"
9,a i l a,"['aila', 'ayla']"
10,a i l e i,"['ipley', 'ailey']"
11,a i l i,"['aily', 'ayley']"
12,a i l o ɾ,"['aylor', 'ailor']"
13,a i m a n,"['aymán', 'ayman']"
14,a i m i,"['aimi', 'aymmi']"
15,a i m u n d̪ o,"['aymundo', 'aimundo']"
16,a i n e,"['hayanne', 'ayne', 'aine']"
17,a i n e s,"['aynes', 'aines']"
18,a i p o,"['ippo', 'aipo']"
19,a i s i,"['aisy', 'ipsy']"
20,a i t̪ i,"['aití', 'ahití']"
21,a i t̪ i ŋ,"['ighting', 'ightning']"
22,a i w a n,"['aiwán', 'aiwan']"
23,a i ð,"['aid', 'aíd']"
24,a i ð a,"['aída', 'aida']"
25,a i ð e n,"['ayden', 'aiden']"
26,a i ð e ɾ,"['aider', 'aither']"
27,a i ð o s,"['aídos', 'aidós']"
28,a i ŋ,"['aing', 'hataing']"
29,a i θ,"['aiz', 'áiz']"
30,a k a i,"['akai', 'acay']"
31,a k a o,"['acao', 'akao']"
32,a k a ɾ,"['akar', 'ácar']"
33,a k a ʃ i,"['akashi', 'akahashi']"
34,a k a β a ɾ a,"['acabará', 'acabara']"
35,a k a β o,"['acabó', 'acabo']"
36,a k o s t̪ e,"['acosté', 'acoste']"
37,a k o t̪ a,"['akota', 'acota']"
38,a k o β,"['akob', 'acob']"
39,a k s,"['aks', 'ax']"
40,a k u,"['akú', 'aku']"
41,a l a,"['ala', 'hala', 'alá']"
42,a l a n,"['alang', 'alán']"
43,a l a s,"['allás', 'alas']"
44,a l a w i,"['alaui', 'alawi']"
45,a l a β o,"['alabo', 'alabó']"
46,a l e ɾ,"['ahler', 'hler']"
47,a l i a,"['alía', 'halía']"
48,a l i l,"['halil', 'alil']"
49,a l i s t̪ o,"['alisto', 'alistó', 'alixto']"
50,a l i θ,"['áliz', 'alahiz']"
51,a l j a,"['halia', 'alia']"
52,a l j o,"['alio', 'alió']"
53,a l k a n θ o,"['alcanzo', 'alcanzó']"
54,a l k o n,"['alcon', 'alcón', 'halcón']"
55,a l k o n e s,"['alcones', 'halcones']"
56,a l o,"['ahlo', 'alo']"
57,a l o m o n,"['alomón', 'alomon']"
58,a l o n,"['alón', 'alon']"
59,a l s,"['alsh', 'als']"
60,a l t̪ e r n o,"['alternó', 'alterno']"
61,a l t̪ e ɾ,"['álter', 'alter']"
62,a l u,"['aloo', 'alou', 'alú']"
63,a l β a,"['alva', 'alba']"
64,a l β i n a,"['alvina', 'albina']"
65,a l β o,"['albo', 'alvo', 'alvó']"
66,a l β u m,"['álbum', 'album']"
67,a m,"['amm', 'am']"
68,a m a,"['amá', 'ama', 'amma']"
69,a m a n,"['aman', 'amm', 'ahman']"
70,a m a s,"['amás', 'ahamas', 'amas']"
71,a m a s o,"['ámaso', 'amasó']"
72,a m a ɾ a,"['ámara', 'amara']"
73,a m b j o,"['ambió', 'ambio']"
74,a m b o,"['ambó', 'ambo']"
75,a m b ɾ j e n t̪ o,"['ambriento', 'hambriento']"
76,a m e,"['ame', 'amet']"
77,a m e s,"['ames', 'hames']"
78,a m e t̪,"['amet', 'ammett']"
79,a m e ɾ,"['ammer', 'amer']"
80,a m e ɾ i k a n a,"['anmericana', 'americana']"
81,a m i,"['ami', 'ammy', 'amry']"
82,a m i n o,"['aminó', 'amino']"
83,a m i n s c i,"['aminsky', 'aminski']"
84,a m i ɾ e θ,"['amírez', 'amirez']"
85,a m o n,"['amon', 'amón']"
86,a m p,"['amp', 'hamp']"
87,a m p a,"['anpa', 'hampa', 'ampa']"
88,a m p l j o,"['amplio', 'amplió']"
89,a m u s,"['amous', 'amus']"
90,a n a m a,"['anamá', 'anama']"
91,a n a n,"['anan', 'hanahan']"
92,a n a ɾ,"['anhard', 'anar']"
93,a n d̪ a ɾ,"['andar', 'andahar']"
94,a n d̪ i,"['andhi', 'andi', 'andy']"
95,a n d̪ o,"['andó', 'ando']"
96,a n e l,"['anel', 'hanel', 'hannel']"
97,a n e s,"['anes', 'annes']"
98,a n e s a,"['anessa', 'anesa']"
99,a n i m a,"['anima', 'ánima']"
100,a n i m o,"['animó', 'animo', 'ánimo']"
101,a n i s,"['anís', 'anis']"
102,a n o,"['ano', 'hano', 'anó']"
103,a n o i,"['anoi', 'anói']"
104,a n o n,"['anon', 'hannon', 'annon']"
105,a n o ɲ j a,"['anonia', 'annonia']"
106,a n o ɾ,"['anor', 'anowar']"
107,a n o β e ɾ,"['anóver', 'annover']"
108,a n s,"['ans', 'anns']"
109,a n tʃ e s t̪ e ɾ,"['ánchester', 'anchester']"
110,a n tʃ e θ,"['anchez', 'ánchez']"
111,a n tʃ o,"['hancho', 'ancho']"
112,a n t̪,"['ant', 'ount']"
113,a n t̪ a,"['antaa', 'anta']"
114,a n t̪ i,"['ounty', 'anti']"
115,a n t̪ i θ i p o,"['anticipo', 'anticipó']"
116,a n t̪ o,"['antó', 'anto']"
117,a n t̪ o n,"['antón', 'anton']"
118,a n u n θ j o,"['anuncio', 'anunció']"
119,a n u s,"['anús', 'anusse']"
120,a n ð l e ɾ,"['andler', 'handler']"
121,a n θ e ɾ,"['ancer', 'áncer']"
122,a n θ i β a ɾ,"['anzibar', 'anzíbar']"
123,a o,"['aho', 'hao', 'ao']"
124,a o n,"['aon', 'ahón']"
125,a o r o,"['ahorro', 'ahorró']"
126,a o s,"['haos', 'aos']"
127,a p,"['ap', 'app']"
128,a p e l,"['hapel', 'apel', 'aphael']"
129,a p i,"['appy', 'hapi']"
130,a p i t̪ u l o,"['apítulo', 'apituló']"
131,a p o l i,"['apoli', 'ápoli']"
132,a p o ʝ o,"['apoyo', 'apoyó']"
133,a p s,"['apps', 'aps']"
134,a r a i ɣ o,"['arraigó', 'arraigo']"
135,a r a ŋ k a ɾ,"['arrancar', 'rrancar']"
136,a r a ŋ k o,"['arrancó', 'arranco']"
137,a r a β a l,"['arrabal', 'rrabal']"
138,a r c e s,"['arqués', 'arques']"
139,a r c e t̪,"['arquette', 'arquet', 'arket']"
140,a r c i n,"['arkin', 'arquín']"
141,a r e s t̪ o,"['arresto', 'arrestó']"
142,a r e ɣ l o,"['arreglo', 'arregló']"
143,a r e ʎ,"['harrell', 'arrell']"
144,a r e θ i f e,"['arrecife', 'rrecife']"
145,a r i s,"['arris', 'arys']"
146,a r j e s ɣ o,"['arriesgó', 'arriesgo']"
147,a r j o,"['arrio', 'arrió']"
148,a r k,"['arch', 'ark', 'arc']"
149,a r k o s,"['harcos', 'arkos', 'arcos']"
150,a r k s,"['arx', 'arks', 'harks']"
151,a r l e s,"['arles', 'harles']"
152,a r l i,"['arly', 'harlie', 'harly']"
153,a r l o,"['arlow', 'arlo', 'harlot']"
154,a r l o t̪,"['harlotte', 'harlot']"
155,a r l o t̪ a,"['arlotta', 'arlota']"
156,a r m,"['harm', 'arm']"
157,a r m a,"['arma', 'harma']"
158,a r o k o,"['árroco', 'arroco']"
159,a r o u,"['rrow', 'arrow']"
160,a r o x a,"['aroja', 'arroja']"
161,a r o ʝ o,"['rroyo', 'arroyo']"
162,a r o ʝ o s,"['arroyos', 'rroyos']"
163,a r o θ,"['arroz', 'rroz']"
164,a r s,"['ars', 'arshal', 'houars']"
165,a r s a,"['arsa', 'arsá']"
166,a r s a l,"['arsal', 'arshal']"
167,a r s o,"['arso', 'arshal']"
168,a r s o n,"['arsson', 'arson']"
169,a r tʃ i β o,"['archivó', 'archivo']"
170,a r t̪,"['arth', 'hart', 'art']"
171,a r t̪ a,"['arta', 'harta', 'artha']"
172,a r t̪ a s,"['artas', 'hartas']"
173,a r t̪ a ɣ o,"['arthago', 'artago']"
174,a r t̪ i n,"['artín', 'artyn', 'artin']"
175,a r t̪ i n e θ,"['artínez', 'artinez']"
176,a r t̪ i θ a n,"['artizán', 'artizan']"
177,a r t̪ j e ɾ,"['artier', 'hartier']"
178,a r t̪ o,"['arto', 'harto']"
179,a r t̪ o n,"['arton', 'harton']"
180,a r ç e,"['arge', 'harge']"
181,a r ð,"['ard', 'hard']"
182,a r ð a,"['ardá', 'arda']"
183,a r ð i,"['ardy', 'arty']"
184,a r ð o,"['ardo', 'ardó']"
185,a r β a x a l,"['arvajal', 'arbajal']"
186,a r β a ɾ a,"['árbara', 'arbara']"
187,a r β e ɾ,"['arver', 'arber']"
188,a s a,"['asa', 'assa']"
189,a s a n,"['assan', 'asán', 'asan']"
190,a s a ɾ i,"['assari', 'asari']"
191,a s e i,"['asey', 'assey']"
192,a s e s i n o,"['asesino', 'asesinó']"
193,a s e ɾ,"['asser', 'aser']"
194,a s i k a,"['asica', 'ásica']"
195,a s i l o,"['asilo', 'asiló']"
196,a s k o ɲ j a,"['asconia', 'askonia']"
197,a s o,"['asso', 'aso', 'asó']"
198,a s t̪,"['ast', 'aast']"
199,a s t̪ a,"['hasta', 'asta']"
200,a s t̪ e ɾ,"['aster', 'áster']"
201,a s t̪ i ʎ a,"['astillaa', 'astilla']"
202,a s t̪ j a n,"['astian', 'astián']"
203,a s t̪ o n,"['astón', 'aston']"
204,a tʃ a,"['acha', 'achá', 'hacha']"
205,a tʃ e,"['hache', 'ache']"
206,a t̪ a,"['atta', 'ata']"
207,a t̪ a k a ɾ a,"['atacara', 'atacará']"
208,a t̪ a l,"['athal', 'atal']"
209,a t̪ a l a n,"['atalán', 'atalan']"
210,a t̪ a l j e,"['athalie', 'atalie']"
211,a t̪ a n,"['atán', 'athan']"
212,a t̪ e,"['ate', 'athet']"
213,a t̪ e n,"['aten', 'athaem']"
214,a t̪ e ð ɾ a l,"['athedral', 'atedral']"
215,a t̪ i,"['atí', 'ati', 'athy']"
216,a t̪ i k a,"['atica', 'ática']"
217,a t̪ i l d̪ e,"['athilde', 'atilde']"
218,a t̪ i n,"['atín', 'atin']"
219,a t̪ i s t̪ a,"['atista', 'attista']"
220,a t̪ i β a,"['ativa', 'átiva']"
221,a t̪ j a,"['attia', 'atia']"
222,a t̪ j a s,"['athias', 'atias']"
223,a t̪ l e,"['attle', 'atlle']"
224,a t̪ o,"['ato', 'ató']"
225,a t̪ s i,"['azzi', 'atsy']"
226,a t̪ u ɾ,"['atour', 'atur']"
227,a t̪ ɾ a k o,"['atraco', 'atracó']"
228,a t̪ ɾ a s,"['atras', 'atrás']"
229,a t̪ ʃ j o t̪ e,"['achiote', 'chiote']"
230,a u l,"['aul', 'aúl', 'aoul']"
231,a u l e s,"['owles', 'awless']"
232,a u m e n t̪ a ɾ a,"['aumentara', 'aumentará']"
233,a u m e n t̪ o,"['aumentó', 'aumento']"
234,a u n,"['aún', 'haun', 'aun']"
235,a u n a,"['aúna', 'auna']"
236,a u s,"['ouse', 'auss']"
237,a u s t̪ o,"['ousteau', 'austo']"
238,a u t̪,"['hout', 'out']"
239,a u t̪ e,"['outhhe', 'aute']"
240,a u ð i,"['audi', 'audí']"
241,a u θ e,"['aucete', 'auce']"
242,a w,"['aw', 'haw']"
243,a w a i,"['awái', 'awai']"
244,a w e l,"['ahuel', 'awel']"
245,a w n,"['awn', 'hawn']"
246,a x o,"['ajo', 'ajó']"
247,a x o ɲ j a l t̪ e m b u r ɣ o,"['ajonialtenburgo', 'ajonialtemburgo']"
248,a ç i k a,"['agica', 'ágica']"
249,a ð a,"['hada', 'ada', 'azda']"
250,a ð a l e n a,"['addalena', 'adalena']"
251,a ð a m,"['addam', 'adam']"
252,a ð a s,"['adas', 'hadas']"
253,a ð a ð,"['adat', 'addad']"
254,a ð c i s i θ j o n,"['adquisición', 'dquisición']"
255,a ð e,"['hade', 'ade']"
256,a ð e n,"['adden', 'aden']"
257,a ð e n t̪ ɾ o,"['adentro', 'adentró']"
258,a ð e o,"['adeo', 'addeo']"
259,a ð i s o n,"['ddison', 'adison']"
260,a ð j a,"['ahdia', 'adia']"
261,a ð j o s,"['adios', 'adiós']"
262,a ð m i n t̪ o n,"['adminton', 'ádminton']"
263,a ð m o s f e ɾ a,"['atmósfera', 'tmósfera']"
264,a ð o k,"['haddock', 'addock']"
265,a ð ɾ a s,"['adrás', 'adras']"
266,a ð ʝ a θ e n t̪ e,"['adyacente', 'dyacente']"
267,a ŋ k a,"['anca', 'anka']"
268,a ŋ k t̪,"['ancte', 'ankt']"
269,a ŋ ɡ,"['ang', 'hang']"
270,a ŋ ɡ a i,"['hanghái', 'hanghai']"
271,a ŋ ɡ a n i k a,"['anganika', 'anganica']"
272,a ŋ ɡ u l o,"['ngulo', 'ángulo']"
273,a ɣ,"['ag', 'abc']"
274,a ɣ a,"['haga', 'aga']"
275,a ɣ a n,"['agan', 'hagan']"
276,a ɣ c i,"['acky', 'ackie']"
277,a ɣ n a,"['agna', 'acna']"
278,a ɣ o,"['ago', 'hago']"
279,a ɣ s,"['ags', 'axe']"
280,a ɣ s i,"['axi', 'haanxi']"
281,a ɣ s o n,"['axon', 'axón']"
282,a ɣ w a,"['agua', 'água']"
283,a ɲ c i n,"['ankín', 'ankin']"
284,a ɲ c i s,"['ankees', 'anquis']"
285,a ɲ j a,"['hania', 'ania']"
286,a ɲ ç e l,"['ángel', 'angel']"
287,a ɲ ç e l e s,"['ángeles', 'ngeles']"
288,a ɲ ç e ɾ,"['anger', 'ánger']"
289,a ɾ a i s o,"['araiso', 'araíso']"
290,a ɾ a k,"['arak', 'arack']"
291,a ɾ a n,"['arán', 'harán']"
292,a ɾ a n a,"['araná', 'arana']"
293,a ɾ a o n a,"['araona', 'arahona']"
294,a ɾ a s,"['harás', 'aras', 'haras']"
295,a ɾ a t̪ e,"['árate', 'arate']"
296,a ɾ e,"['hare', 'are', 'haré']"
297,a ɾ e a,"['area', 'área']"
298,a ɾ e m o s,"['aremos', 'haremos']"
299,a ɾ i,"['ari', 'ahri']"
300,a ɾ i a,"['aría', 'ariah', 'haría']"
301,a ɾ i a n,"['harían', 'arían']"
302,a ɾ i a s,"['harías', 'arías']"
303,a ɾ i n,"['arín', 'arin']"
304,a ɾ i n a,"['arina', 'harina']"
305,a ɾ i n a s,"['arinas', 'harinas']"
306,a ɾ i n e,"['arianne', 'arine']"
307,a ɾ i n o,"['arino', 'arinho']"
308,a ɾ i s,"['aris', 'arís']"
309,a ɾ j o,"['ario', 'aario']"
310,a ɾ o,"['aro', 'haro']"
311,a ɾ o n,"['haron', 'arón', 'aron']"
312,a ɾ o n i,"['aroni', 'aroní']"
313,a ɾ u,"['arú', 'aru']"
314,a ɾ u n,"['arun', 'arún']"
315,a ɾ θ e l,"['arcel', 'árcel']"
316,a ɾ θ e l o,"['arcelo', 'arceló']"
317,a ɾ θ e l o n a,"['arcelonaa', 'arcelona']"
318,a ɾ θ i a,"['arcía', 'arcia']"
319,a ʃ,"['alsh', 'ash', 'hash']"
320,a ʎ a n,"['allahan', 'hallan']"
321,a ʎ a s,"['allás', 'allas']"
322,a ʎ a ð a,"['hallada', 'allada']"
323,a ʎ i,"['allie', 'allí']"
324,a ʝ a m o s,"['ayamos', 'hayamos']"
325,a ʝ a s,"['ayas', 'hayas']"
326,a ʝ e,"['aye', 'aggie']"
327,a ʝ e ɾ,"['hayer', 'ayer']"
328,a ʝ i,"['agi', 'agy']"
329,a ʝ o,"['ayo', 'ayó']"
330,a ʝ u ð a ɾ a n,"['ayudarán', 'ayudaran']"
331,a ʝ u ð o,"['ayudó', 'ayudo']"
332,a β a l,"['abal', 'aval']"
333,a β a l a,"['abala', 'avala']"
334,a β a n a,"['abana', 'avannah']"
335,a β a n d̪ o n o,"['abandono', 'abandonó']"
336,a β a n i,"['abbani', 'avani']"
337,a β a s,"['habás', 'habas', 'avas']"
338,a β a t̪,"['abatt', 'abbath']"
339,a β a ð,"['abad', 'abat']"
340,a β a ɾ o,"['avreau', 'ávaro', 'avaro']"
341,a β a ʎ o,"['avallo', 'aballo']"
342,a β e i,"['avey', 'bbey']"
343,a β e i s,"['habéis', 'abéis']"
344,a β e l,"['avel', 'abel']"
345,a β e n,"['aben', 'aven']"
346,a β e n a,"['avena', 'abena', 'ávena']"
347,a β e s,"['abes', 'aves']"
348,a β e ɾ o,"['avreau', 'avero', 'abero']"
349,a β i,"['abi', 'aby', 'avy']"
350,a β i a,"['había', 'abía', 'avía']"
351,a β i a n,"['abían', 'habían']"
352,a β i l,"['hábil', 'ábil']"
353,a β i l i ð a ð,"['abilidad', 'habilidad']"
354,a β i l i ð a ð e s,"['habilidades', 'abilidades']"
355,a β i s,"['abis', 'avis']"
356,a β i t̪ a,"['habita', 'abita']"
357,a β i t̪ a n,"['abitan', 'habitan']"
358,a β i t̪ a n t̪ e s,"['abitantes', 'habitantes']"
359,a β i t̪ a t̪,"['habitat', 'hábitat']"
360,a β i t̪ a t̪ s,"['ábitats', 'hábitats']"
361,a β i t̪ a β a n,"['abitaban', 'habitaban']"
362,a β i t̪ o,"['ábito', 'habitó', 'hábito']"
363,a β i t̪ o s,"['ábitos', 'hábitos']"
364,a β i t̪ w a l m e n t̪ e,"['habitualmente', 'abitualmente']"
365,a β i ð o,"['ávido', 'habido']"
366,a β j a,"['abia', 'avia', 'habia']"
367,a β j e n d̪ o,"['habiendo', 'abiendo']"
368,a β j o,"['abio', 'avio']"
369,a β l a,"['habla', 'abla']"
370,a β l a n d̪ o,"['ablando', 'hablando']"
371,a β l a s,"['hablas', 'ablas']"
372,a β l a ð a,"['ablada', 'hablada']"
373,a β l a ɾ,"['ablar', 'hablar']"
374,a β l a β a,"['hablaba', 'ablaba']"
375,a β l e,"['hable', 'able']"
376,a β l e s,"['ables', 'hables']"
377,a β l o,"['habló', 'ablo', 'hablo']"
378,a β o,"['avo', 'havo', 'abo']"
379,a β o k,"['avoc', 'avok']"
380,a β o n,"['abón', 'avón']"
381,a β u,"['aboo', 'abu']"
382,a β u s o,"['abusó', 'abuso']"
383,a β u ɾ,"['abur', 'avour']"
384,a β ɾ a,"['habrá', 'abrá', 'abra']"
385,a β ɾ a s,"['abras', 'habrás']"
386,a β ɾ a θ o,"['abrazo', 'abrazó']"
387,a β ɾ i a,"['abría', 'habría']"
388,a β ɾ i a n,"['habrían', 'abrían']"
389,a θ a n,"['azan', 'azán']"
390,a θ c e θ,"['azquez', 'ázquez']"
391,a θ e,"['ace', 'aze', 'hace']"
392,a θ e m o s,"['acemos', 'hacemos']"
393,a θ e n,"['acen', 'hacen']"
394,a θ e n d̪ a ð o,"['acendado', 'hacendado']"
395,a θ e r c e,"['acerque', 'acerqué']"
396,a θ e ɾ,"['hacer', 'azer', 'acer']"
397,a θ e β t̪ o,"['acepto', 'aceptó']"
398,a θ i a,"['hacía', 'acía']"
399,a θ i a m o s,"['hacíamos', 'acíamos']"
400,a θ i l o,"['aciló', 'acilo']"
401,a θ i ð a,"['ácida', 'acida']"
402,a θ i ð o,"['ácido', 'acido']"
403,a θ j a,"['hacia', 'acia']"
404,a θ j e n d̪ a,"['hacienda', 'acienda']"
405,a θ j e n d̪ o,"['haciendo', 'aciendo']"
406,a θ j o,"['acio', 'ació']"
407,b a,"['ba', 'va']"
408,b a i l o,"['bailo', 'bailó']"
409,b a l e,"['ballet', 'vale']"
410,b a r k o,"['barco', 'barcó']"
411,b a s,"['bas', 'vas', 'bats']"
412,b a s c e ð β o l,"['basquetbol', 'básquetbol']"
413,b a s o,"['basó', 'vaso']"
414,b a s t̪ a,"['vasta', 'basta']"
415,b a s t̪ o,"['vasto', 'basto']"
416,b a t̪ j o,"['batió', 'vatio']"
417,b a u t̪ i θ o,"['bautizo', 'bautizó']"
418,b a x o,"['bajó', 'bajo']"
419,b a ɾ,"['bar', 'var']"
420,b a ɾ i t̪ a,"['varita', 'barita']"
421,b a ɾ j o,"['varió', 'bario']"
422,b a ɾ o n e s,"['barones', 'varones']"
423,b a ʝ a,"['baya', 'vaya']"
424,b a ʝ a s,"['vayas', 'bayas']"
425,b a β a,"['bba', 'baba']"
426,b a β i,"['baby', 'babi']"
427,b e,"['ve', 'b', 'be']"
428,b e i,"['bei', 'bey']"
429,b e i s,"['veis', 'beige']"
430,b e l,"['véale', 'bel']"
431,b e l i n,"['velyn', 'belín']"
432,b e n d̪,"['vent', 'vend']"
433,b e r s j o n,"['versión', 'version']"
434,b e r s o,"['versó', 'verso']"
435,b e s,"['bes', 'ves']"
436,b e s e,"['besé', 'vese']"
437,b e ŋ ɡ o,"['vengó', 'vengo']"
438,b e ɾ,"['ver', 'ber']"
439,b e ɾ a,"['vera', 'berá', 'verá']"
440,b e ɾ a s,"['veras', 'verás']"
441,b e ɾ o n,"['beron', 'berón']"
442,b e ʎ o,"['vello', 'bello']"
443,b i,"['vy', 'vi']"
444,b i ð e o,"['video', 'vídeo']"
445,b i ð e o s,"['vídeos', 'videos']"
446,b i ŋ k u l o,"['vinculó', 'vínculo']"
447,b i ɣ t̪ i m a s,"['víctimas', 'victimas']"
448,b i ʎ a ç e,"['villaje', 'village']"
449,b i β e,"['vibe', 'vive']"
450,b i β i ð a s,"['vividas', 'vívidas']"
451,b j e n e s,"['bienes', 'vienes']"
452,b l o c e o,"['bloqueó', 'bloqueo']"
453,b n,"['bn', 'vram']"
454,b o,"['wo', 'vo', 'btao']"
455,b o i,"['voy', 'boy']"
456,b o l e i β o l,"['voleibol', 'vóleibol']"
457,b o m b a r ð e o,"['bombardeó', 'bombardeo']"
458,b o m i t̪ o,"['vomitó', 'vómito']"
459,b o n,"['won', 'von']"
460,b o t̪ a,"['vota', 'bota']"
461,b o t̪ o,"['voto', 'votó']"
462,b o ɾ,"['vor', 'board']"
463,b o β,"['wów', 'bob']"
464,b u,"['bu', 'vu']"
465,b w e l a,"['vuela', 'buela']"
466,b w e l o,"['buelo', 'vuelo']"
467,b w e l o s,"['buelos', 'vuelos']"
468,b ɾ a m,"['braham', 'vram', 'bram']"
469,b ɾ e a,"['vrea', 'brea']"
470,b ɾ i l,"['bril', 'vril']"
471,b ɾ i ʎ o,"['brilló', 'brillo']"
472,c e,"['que', 'qué', 'ke']"
473,c e r m a n,"['ckerman', 'ckermann']"
474,c e ð a,"['queda', 'keda', 'akeda']"
475,c e ð e,"['kd', 'quede', 'quedé']"
476,c e ð o,"['quedo', 'quedó']"
477,c e ɾ,"['uaker', 'aker']"
478,c i l o m e t̪ ɾ o,"['kilómetro', 'km']"
479,c i l o m e t̪ ɾ o s,"['kilómetros', 'km']"
480,c i n,"['qiang', 'kin']"
481,c i p o,"['kipo', 'quipo']"
482,c i t̪ e,"['kite', 'quite']"
483,c i t̪ o,"['kito', 'quitó']"
484,c i ð,"['kid', 'kd', 'quid']"
485,d̪ a n,"['dan', 'dán']"
486,d̪ a s,"['dfz', 'das']"
487,d̪ a ɲ o,"['dañó', 'daño']"
488,d̪ a ɾ a,"['dará', 'dawara']"
489,d̪ e,"['dé', 'd', 'de']"
490,d̪ e k ɾ e t̪ o,"['decretó', 'decreto']"
491,d̪ e n o m i n o,"['denomino', 'denominó']"
492,d̪ e r a m e,"['derrame', 'derramé']"
493,d̪ e r β i,"['derby', 'derbi']"
494,d̪ e s a r o ʎ a ɾ a,"['desarrollara', 'desarrollará']"
495,d̪ e s a r o ʎ o,"['desarrolló', 'desarrollo']"
496,d̪ e s e m b a r k o,"['desembarcó', 'desembarco']"
497,d̪ e s e m p e ɲ o,"['desempeñó', 'desempeño']"
498,d̪ e s k a n s o,"['descanso', 'descansó']"
499,d̪ e s p a tʃ o,"['despacho', 'despachó']"
500,d̪ e s p ɾ e θ j o,"['desprecio', 'despreció']"
501,d̪ e s t̪ i n o,"['destinó', 'destino']"
502,d̪ e t̪ e ɾ j o ɾ o,"['deterioró', 'deterioro']"
503,d̪ e x a ɾ a,"['dejará', 'dejara']"
504,d̪ e x a ɾ a n,"['dejarán', 'dejaran']"
505,d̪ e x o,"['dejo', 'dejó']"
506,d̪ e ç e,"['dejé', 'deje']"
507,d̪ e ð i k a ɾ a,"['dedicara', 'dedicará']"
508,d̪ e ð i k o,"['dedico', 'dedicó']"
509,d̪ e ɾ,"['der', 'dair', 'nder']"
510,d̪ i s e ɲ o,"['diseño', 'diseñó']"
511,d̪ i s p a ɾ o,"['disparo', 'disparó']"
512,d̪ i s p e r s o,"['disperso', 'dispersó']"
513,d̪ i t̪,"['dith', 'dit']"
515,d̪ i ɣ t̪ o,"['dictó', 'dicto']"
516,d̪ i β o ɾ θ j o,"['divorcio', 'divorció']"
517,d̪ i β u x o,"['dibujo', 'dibujó']"
518,d̪ j a ɣ n o s t̪ i k a,"['diagnostica', 'diagnóstica']"
519,d̪ j a ɣ n o s t̪ i k o,"['diagnosticó', 'diagnóstico']"
520,d̪ j o,"['dio', 'dió']"
521,d̪ j o s,"['diós', 'dios']"
522,d̪ o,"['daho', 'do']"
523,d̪ o l,"['dolphe', 'dol']"
524,d̪ o l f,"['dolphe', 'dolf']"
525,d̪ o m i n o,"['domino', 'dominó']"
526,d̪ o n d̪ e,"['donde', 'dónde']"
527,d̪ o ɣ t̪ o ɾ a,"['dra', 'doctora']"
528,d̪ u ɾ o,"['duro', 'duró']"
529,d̪ w a r ð,"['duard', 'dward']"
530,d̪ ɾ a,"['dra', 'dawara']"
531,d̪ ɾ i a n,"['drian', 'driaan']"
532,d̪ ɾ j a n,"['drian', 'driaan', 'drián']"
533,e a,"['eah', 'ea', 'hea']"
534,e a l,"['eal', 'eale']"
535,e a n,"['eam', 'ean']"
536,e a t̪,"['eath', 'eat']"
537,e a t̪ e ɾ,"['heater', 'eather']"
538,e a t̪ ɾ e,"['heatre', 'eatre']"
539,e a ð,"['ead', 'head']"
540,e a ð e r s,"['eaders', 'eathers']"
541,e a ð i,"['eady', 'eatty']"
542,e a ɾ a,"['eara', 'eará']"
543,e a ʝ e,"['eggie', 'eague']"
544,e c i p o,"['equipó', 'equipo']"
545,e e l,"['heel', 'eel']"
546,e e l e ɾ,"['heeler', 'eeler']"
547,e e n,"['ueen', 'een', 'heen']"
548,e e ð,"['eet', 'eed']"
549,e e β,"['eep', 'eev']"
550,e f,"['ef', 'eff']"
551,e f e,"['efe', 'f']"
552,e i k,"['heikh', 'ake']"
553,e i l a,"['eila', 'heila']"
555,e i n a,"['eyna', 'eina']"
556,e i n e,"['eyne', 'eine']"
557,e i n o,"['eino', 'einó']"
558,e i ð,"['eit', 'eid']"
559,e i ɣ,"['heikh', 'eake']"
560,e i ɾ,"['eir', 'eird']"
561,e i β a,"['eiba', 'eiva']"
562,e k s,"['ex', 'eaks']"
563,e k s p e ɾ i m e n t̪ o,"['experimentó', 'experimento']"
564,e k s p l i k a ɾ a,"['explicara', 'explicará']"
565,e k s p ɾ e s o,"['expresó', 'expreso']"
566,e k u p e ɾ o,"['ecupero', 'ecuperó']"
567,e l,"['el', 'él', 'aphael']"
568,e l a ð o,"['elado', 'helado']"
569,e l e e s e,"['ls', 'ails']"
570,e l e n,"['elen', 'ehlen']"
571,e l e β a ɾ,"['lvar', 'elevar']"
572,e l e β i s j o n,"['elevision', 'elevisión']"
573,e l i,"['eli', 'elly', 'elhi']"
574,e l i x j o n,"['eligión', 'eligion']"
575,e l j o,"['helio', 'elio']"
576,e l m a,"['elma', 'uelma', 'helma']"
577,e l m e,"['elmet', 'elme']"
578,e l m u t̪,"['elmut', 'elmuth']"
579,e l o x j o,"['elogió', 'elogio']"
580,e l p,"['elp', 'help']"
581,e l t̪ o n,"['elton', 'helton']"
582,e l ç e,"['elge', 'elje']"
583,e l β i,"['helby', 'elby']"
584,e m a,"['ema', 'uema', 'emma']"
585,e m b a r c e,"['embarque', 'embarqué']"
586,e m e ɾ,"['mr', 'mre']"
587,e m i,"['emi', 'emy']"
588,e m i s f e ɾ j o,"['emisferio', 'hemisferio']"
589,e m o n,"['emón', 'emon']"
590,e m o s,"['emos', 'hemos']"
591,e m p e θ a ɾ a,"['empezara', 'empezará']"
592,e m p l e o,"['empleo', 'empleó']"
593,e n a,"['enna', 'ena']"
594,e n a ɾ,"['enhahar', 'ennar']"
595,e n a ɾ o,"['enaro', 'ennaro']"
596,e n d̪,"['end', 'endl', 'ent']"
597,e n d̪ i,"['endi', 'endy']"
598,e n d̪ o l,"['endl', 'endall']"
599,e n d̪ ɾ i k,"['endrik', 'endrick']"
600,e n e,"['ene', 'n']"
601,e n e s i,"['ennessee', 'ennessy']"
602,e n e t̪,"['ennett', 'enneth']"
603,e n e t̪ e e r t̪ a i m e n t̪,"['ntertainment', 'ntertaiment']"
604,e n e ɾ,"['ener', 'enner']"
605,e n f e r m o,"['enfermó', 'enfermo']"
606,e n i n,"['enín', 'enin']"
607,e n i s,"['enis', 'ennis']"
608,e n i t̪,"['enith', 'enit']"
609,e n o,"['heno', 'enno', 'eno']"
610,e n o x o,"['enojó', 'enojo']"
611,e n r i,"['enry', 'enri']"
612,e n s a ʝ o,"['ensayo', 'ensayó']"
613,e n s e,"['ense', 'ensé']"
614,e n s e ɲ o,"['enseño', 'enseñó']"
615,e n s o n,"['ennyson', 'enson']"
616,e n t̪ e ɾ o,"['enteró', 'entero']"
617,e n t̪ i n,"['entín', 'uentin']"
618,e n t̪ o r n o,"['entorno', 'entornó']"
619,e n t̪ u s j a s m o,"['entusiasmo', 'entusiasmó']"
620,e n t̪ u ɾ j o n,"['enturion', 'enturión']"
621,e n t̪ ɾ a ɾ a n,"['entraran', 'entrarán']"
622,e n t̪ ɾ o,"['entró', 'entro']"
623,e n θ i m a,"['enzima', 'encima']"
624,e o,"['eo', 'heo']"
625,e o n,"['eon', 'eón']"
626,e o p a r ð i,"['eopardi', 'eopardy']"
627,e o t̪ i w a k a n,"['eotihuacan', 'eotihuacán']"
628,e p e,"['epe', 'eppe']"
629,e p ɾ,"['hephard', 'heppard', 'eppard']"
630,e r a,"['erra', 'uerra']"
631,e r a n,"['errang', 'erran', 'errán']"
632,e r e,"['r', 'erre']"
633,e r e ɾ o,"['uerrero', 'errero', 'herrero']"
634,e r e ɾ o s,"['uerreros', 'herreros']"
635,e r k l i,"['erklee', 'erkley']"
636,e r l i n,"['erlín', 'erlin']"
637,e r l o,"['erlo', 'erlot']"
638,e r l o k,"['herlock', 'erlocq']"
639,e r m a n d̪ a ð,"['hermandad', 'ermandad']"
640,e r m a n o,"['ermano', 'hermano']"
641,e r m a n o s,"['ermanos', 'hermanos']"
642,e r m i n,"['ermín', 'ermin']"
643,e r m o s a,"['hermosa', 'ermosa']"
644,e r m o s o,"['hermoso', 'ermoso']"
645,e r n a n d̪ e θ,"['ernandez', 'ernández']"
646,e r o,"['erró', 'erro']"
647,e r s e i,"['ershey', 'ersey']"
648,e r t̪,"['ert', 'erth']"
649,e r ç e s,"['erjes', 'erges']"
650,e r ð,"['erd', 'ert']"
651,e r β a s,"['ervás', 'erbas']"
652,e r β a ɾ j o,"['herbario', 'erbario']"
653,e r β e ɾ,"['erber', 'erver']"
654,e r β i,"['erbie', 'ervi', 'erby']"
655,e r β i ɾ,"['ervir', 'hervir']"
656,e r β i β o ɾ o s,"['herbívoros', 'erbívoros']"
657,e r β j o,"['ervio', 'erbio']"
658,e s a,"['essa', 'esa']"
659,e s a r o ʎ o,"['esarrolló', 'esarrollo']"
660,e s a ɾ,"['ésar', 'esar']"
661,e s e,"['ése', 'ese', 's']"
662,e s e l,"['esel', 'essel']"
663,e s e ɾ,"['esser', 'eser']"
664,e s k a,"['eská', 'esca']"
665,e s k o r β u t̪ o,"['skorbuto', 'escorbuto']"
666,e s k u tʃ o,"['escucho', 'escuchó']"
667,e s o,"['eso', 'esó']"
668,e s p,"['sp', 'spe']"
669,e s p a ð a s,"['spadas', 'espadas']"
670,e s p a ɲ o l,"['español', 'spañol']"
671,e s p a ɲ o l a,"['spañola', 'española']"
672,e s p a ɲ o l a s,"['spañolas', 'españolas']"
673,e s p a ɲ o l e s,"['españoles', 'spañoles']"
674,e s p a θ j a l,"['spacial', 'espacial']"
675,e s p a θ j o,"['espacio', 'spacio']"
676,e s p a θ j o s,"['espacios', 'spacios']"
678,e s p e x o,"['espejo', 'spejo']"
679,e s p e ɣ t̪ a k u l a ɾ e s,"['espectaculares', 'spectaculares']"
680,e s p e ɣ t̪ a k u l o,"['espectáculo', 'spectáculo']"
681,e s p e ɣ t̪ ɾ o,"['espectro', 'spectro']"
682,e s p e ɾ a,"['espera', 'spera']"
683,e s p e ɾ a m o s,"['esperamos', 'speramos']"
684,e s p e ɾ a n d̪ o,"['esperando', 'sperando']"
685,e s p e ɾ a n t̪ o,"['esperanto', 'speranto']"
686,e s p e ɾ a n θ a,"['esperanza', 'speranza']"
687,e s p e ɾ a β a n,"['esperaban', 'speraban']"
688,e s p e ɾ e,"['espere', 'esperé']"
689,e s p e θ i f i k a,"['específica', 'especifica']"
690,e s p e θ i f i k a m e n t̪ e,"['específicamente', 'specíficamente']"
691,e s p e θ i f i k a n,"['specifican', 'especifican']"
692,e s p e θ i f i k a ɾ,"['specificar', 'especificar']"
693,e s p e θ j a l,"['special', 'especial']"
694,e s p e θ j a l e s,"['especiales', 'speciales']"
695,e s p e θ j a l i s t̪ a,"['specialista', 'especialista']"
696,e s p e θ j a l i θ a ð a,"['specializada', 'especializada']"
697,e s p e θ j a l i θ a ð o,"['specializado', 'especializado']"
698,e s p e θ j a l i θ a θ j o n,"['especialización', 'specialización']"
699,e s p e θ j a l m e n t̪ e,"['specialmente', 'especialmente']"
700,e s p e θ j e,"['specie', 'especie']"
701,e s p e θ j e s,"['especies', 'species']"
702,e s p i n a,"['espina', 'spina']"
703,e s p i n a s,"['espinas', 'spinas']"
704,e s p i n o,"['espino', 'spino']"
705,e s p i n o s a,"['espinosa', 'spinosa']"
706,e s p i ɾ i t̪ u,"['spíritu', 'espíritu']"
707,e s p i ɾ i t̪ w a l,"['spiritual', 'espiritual']"
708,e s p i ɾ i t̪ w a l e s,"['espirituales', 'spirituales']"
709,e s p o s a,"['esposa', 'sposa']"
710,e s p o s o s,"['sposos', 'esposos']"
711,e s p o ɾ a ð i k a m e n t̪ e,"['sporádicamente', 'esporádicamente']"
712,e s p u ɾ j o,"['espurio', 'spurio']"
713,e s t̪,"['est', 'st', 'hest']"
714,e s t̪ a f a,"['estafa', 'stafa']"
715,e s t̪ a m b ɾ e s,"['estambres', 'stambres']"
716,e s t̪ a m o s,"['estamos', 'stamos']"
717,e s t̪ a m p a s,"['stampas', 'estampas']"
718,e s t̪ a n,"['están', 'estan']"
719,e s t̪ a n a,"['stana', 'estana']"
720,e s t̪ a n d̪ o,"['estando', 'stando']"
721,e s t̪ a n t̪ e ɾ i a,"['stantería', 'estantería']"
722,e s t̪ a t̪ u s,"['status', 'estatus']"
723,e s t̪ a t̪ u t̪ o,"['estatuto', 'statuto']"
724,e s t̪ a t̪ w a,"['statua', 'estatua']"
725,e s t̪ a ð j o,"['estadio', 'stadio']"
726,e s t̪ a ð o,"['estado', 'stado']"
727,e s t̪ a ð o s,"['stados', 'estados']"
728,e s t̪ a ɾ,"['star', 'estar']"
729,e s t̪ a ɾ a,"['estará', 'stará']"
730,e s t̪ a ɾ e m o s,"['estaremos', 'staremos']"
731,e s t̪ a ɾ i a,"['estaría', 'staría']"
732,e s t̪ a ʎ a,"['estalla', 'stalla']"
733,e s t̪ a β a,"['estaba', 'staba']"
734,e s t̪ a β a n,"['estaban', 'staban']"
735,e s t̪ a β i l i ð a ð,"['stabilidad', 'estabilidad']"
736,e s t̪ a θ j o n,"['stación', 'estación']"
737,e s t̪ a θ j o n e s,"['estaciones', 'staciones']"
738,e s t̪ e ɾ,"['hester', 'ester', 'sther']"
739,e s t̪ i l o,"['stilo', 'estilo']"
740,e s t̪ i l o s,"['estilos', 'stilos']"
741,e s t̪ i o,"['stío', 'estío']"
742,e s t̪ j a,"['estia', 'stia']"
743,e s t̪ o,"['exto', 'sto', 'esto']"
744,e s t̪ o i,"['estoy', 'stoy']"
745,e s t̪ o n,"['eston', 'ston']"
746,e s t̪ o s,"['stos', 'estos']"
747,e s t̪ o ɲ j a,"['estonia', 'stonia']"
748,e s t̪ u ð j o,"['estudió', 'estudio']"
749,e s t̪ ɾ a t̪ e x j a,"['strategia', 'estrategia']"
750,e s t̪ ɾ e n o,"['estreno', 'strenó', 'estrenó']"
751,e s t̪ ɾ e tʃ o,"['estrechó', 'estrecho']"
752,e s t̪ ɾ e tʃ o s,"['estrechos', 'strechos']"
753,e s t̪ ɾ e ʎ a,"['estrella', 'strella']"
754,e s t̪ ɾ e ʎ a s,"['strellas', 'estrellas']"
755,e s t̪ ɾ i ɣ t̪ a,"['estricta', 'stricta']"
756,e s t̪ ɾ u ɣ t̪ u ɾ a l m e n t̪ e,"['estructuralmente', 'structuralmente']"
757,e s u s,"['esus', 'hesus', 'esús']"
758,e tʃ a,"['echa', 'hecha']"
759,e tʃ a s,"['echas', 'hechas']"
760,e tʃ e,"['eché', 'eche']"
761,e tʃ i θ o,"['echizo', 'hechizo']"
762,e tʃ o s,"['hechos', 'echos']"
763,e t̪ a,"['uetta', 'heta', 'eta']"
764,e t̪ e r s,"['eters', 'etters']"
765,e t̪ i,"['eatty', 'eti', 'etty']"
766,e t̪ i θ j a,"['etizia', 'eticia']"
767,e t̪ o n,"['eton', 'etton']"
768,e t̪ o r n o,"['etornó', 'etorno']"
769,e t̪ s,"['ets', 'etts']"
770,e t̪ ɾ a s,"['etras', 'etrás']"
771,e t̪ ɾ o,"['ethro', 'etro']"
772,e t̪ ɾ o p o l i s,"['etropolis', 'etrópolis']"
773,e u,"['ew', 'eu', 'hew']"
774,e u i,"['ewry', 'ewy']"
775,e u l,"['eoul', 'eúl']"
776,e u n e,"['eune', 'eúne']"
777,e u s,"['eus', 'eues']"
779,e x a n o,"['ejano', 'exano']"
780,e x a s,"['uejs', 'ejas']"
781,e x j o n,"['egion', 'egión']"
782,e ç e ɾ θ i t̪ o,"['ejercitó', 'ejército']"
783,e ð a,"['eda', 'edda']"
784,e ð e,"['d', 'ede', 'uede']"
785,e ð f j e l d̪,"['edfield', 'etfield']"
786,e ð i,"['aiety', 'edi', 'eddy']"
787,e ð o,"['uedó', 'uedo']"
788,e ð ɾ o,"['ethro', 'edro']"
789,e ŋ k a n t̪ o,"['encantó', 'encanto']"
790,e ŋ k a r ɣ o,"['encargó', 'encargo']"
791,e ŋ x a m i n,"['enjamin', 'enjamín']"
792,e ŋ ɡ,"['eng', 'heng']"
793,e ŋ ɡ a ɲ o,"['engaño', 'engañó']"
794,e ɣ,"['eg', 'egg', 'ec']"
795,e ɣ s a m e n,"['examen', 'exámen']"
796,e ɣ s i l j o,"['exilio', 'exilió']"
797,e ɣ s i t̪ o,"['éxito', 'exito']"
798,e ɣ ɾ e s o,"['egresó', 'egreso']"
799,e ɲ a s,"['ueñas', 'eñas']"
800,e ɾ a,"['erá', 'era', 'erah']"
801,e ɾ a l d̪ i k a,"['eráldica', 'heráldica']"
802,e ɾ a l d̪ o,"['eraldo', 'heraldo']"
803,e ɾ a n,"['eran', 'erán']"
804,e ɾ a s,"['erás', 'eras']"
805,e ɾ e,"['ere', 'r', 'here']"
806,e ɾ e i ɾ a,"['ereyra', 'ereira']"
807,e ɾ e m i,"['eremy', 'eremty']"
808,e ɾ e n θ j a,"['herencia', 'erencia']"
809,e ɾ e s,"['rs', 'eres']"
810,e ɾ e s a,"['heresa', 'eresa']"
811,e ɾ e ç e s,"['erejes', 'herejes']"
812,e ɾ e ð a,"['hereda', 'ereda']"
813,e ɾ e ð e ɾ o,"['heredero', 'eredero']"
814,e ɾ e ð o,"['heredó', 'eredo', 'eredó']"
815,e ɾ i a,"['ería', 'uería', 'erisha']"
816,e ɾ i ð a,"['herida', 'erida']"
817,e ɾ i ð o,"['herido', 'erido']"
818,e ɾ i ð o s,"['eridos', 'heridos']"
819,e ɾ o e,"['héroe', 'eroe']"
820,e ɾ u,"['eru', 'erú']"
821,e ɾ w i n,"['herwin', 'rwin']"
822,e ʎ,"['ell', 'hell']"
823,e ʎ i,"['elli', 'ellie']"
824,e β a,"['heba', 'eba', 'eva']"
825,e β a s t̪ j a n,"['ebastian', 'ebastián']"
826,e β a ʎ o s,"['evallos', 'eballos']"
827,e β e,"['ebe', 'eve']"
828,e β e k a,"['ebecca', 'ebeca']"
829,e β e n,"['eben', 'even']"
830,e β e r n,"['evern', 'ebern']"
831,e β e ɾ a,"['evera', 'eberá']"
832,e β i t̪ o,"['evitó', 'evito']"
833,e β i ʎ a,"['evilla', 'hebilla']"
834,e β o,"['evo', 'ebo']"
835,e β u,"['ebu', 'evu']"
836,e β ɾ,"['hephard', 'ebhard']"
837,e θ,"['aith', 'ez', 'uez']"
838,e θ e s,"['eces', 'heces']"
839,e θ e s j o n,"['ecesión', 'ezession']"
840,f a n,"['fán', 'xfam', 'fan']"
841,f a ʎ a ɾ a,"['fallará', 'fallara']"
842,f a ʎ o,"['fallo', 'falló']"
843,f a β ɾ i k a,"['fábrica', 'fabrica']"
844,f a β ɾ i k a s,"['fábricas', 'fabricas']"
845,f a θ i l m e n t̪ e,"['facilmente', 'fácilmente']"
846,f i l t̪ ɾ o,"['filtro', 'filtró']"
847,f i r m o,"['firmó', 'firmo']"
848,f i x o,"['fijó', 'fijo']"
849,f o l k l o ɾ e,"['folklore', 'folclore']"
850,f o l k l o ɾ i k a,"['folclórica', 'folklórica']"
851,f o r m a ɾ a,"['formará', 'formara']"
852,f u n d̪ a m e n t̪ o,"['fundamentó', 'fundamento']"
853,f u n d̪ o,"['fundo', 'fundó']"
854,f u ð β o l,"['futbol', 'fútbol']"
855,f w e,"['fue', 'fué']"
856,f w i,"['fui', 'fuí']"
857,f ɾ a k a s o,"['fracaso', 'fracasó']"
858,f ɾ e n o,"['freno', 'frenó']"
859,f ɾ i k a,"['frica', 'frika']"
860,i a s,"['ías', 'uías']"
861,i c e l,"['ickel', 'ikel']"
862,i c e n,"['icken', 'iken']"
863,i c e ɾ,"['iquer', 'iker']"
864,i c i,"['icky', 'iki', 'ikki']"
865,i e n e,"['iene', 'ienne']"
866,i e θ,"['iez', 'íez']"
867,i f,"['if', 'iffany']"
868,i i,"['ichy', 'ii', 'ií']"
869,i k a s,"['hicas', 'icas']"
870,i k a ɾ a s,"['ícaras', 'icaras']"
871,i k l o k ɾ o s,"['yclocross', 'iclocrós']"
872,i k o l a s,"['icolás', 'icolas', 'icolaas']"
873,i k o n,"['ikon', 'icón']"
874,i k o n o,"['icono', 'ícono']"
875,i k o n o s,"['íconos', 'iconos']"
876,i l a,"['ilah', 'ilá', 'ila']"
877,i l a n,"['ilán', 'ylan', 'ilan']"
878,i l d̪,"['ild', 'hild', 'uild']"
879,i l e i,"['iley', 'illey']"
880,i l e n a,"['hilena', 'ilena']"
881,i l e s,"['iles', 'yles']"
882,i l m o ɾ e,"['illmore', 'ilmore']"
883,i l o,"['ilo', 'ilho', 'hilo']"
884,i l o s,"['ilos', 'hilos']"
885,i l s,"['ils', 'ills']"
886,i l s o n,"['ilson', 'ilsson']"
887,i l t̪ o n,"['ilton', 'hilton']"
888,i m b e n t̪ o,"['invento', 'inventó']"
889,i m e,"['ime', 'yme']"
890,i m i,"['immy', 'imí', 'imi']"
891,i m n o,"['imno', 'himno']"
892,i m o n,"['imón', 'imon']"
893,i m o n s,"['imons', 'immons']"
894,i m p a ɣ t̪ o,"['impacto', 'impactó']"
895,i m p o r t̪ o,"['importo', 'importó']"
896,i m p u l s o,"['impulso', 'impulsó']"
897,i n a i,"['inai', 'inay']"
898,i n a m o,"['ynamo', 'ínamo', 'inamo']"
899,i n a t̪ o,"['innato', 'inato']"
900,i n d̪ i,"['yndi', 'indy', 'hindi']"
901,i n d̪ i k a,"['indica', 'índica']"
902,i n d̪ ɾ o m e,"['índrome', 'yndrome']"
903,i n e a,"['inea', 'uinea', 'ínea']"
904,i n e a s,"['íneas', 'hineas']"
905,i n e ʎ i,"['innelli', 'inelli']"
906,i n f o r m o,"['informó', 'informo']"
907,i n i,"['hini', 'ini', 'innie']"
908,i n i β e,"['ínive', 'inhibe']"
909,i n i θ j o,"['inició', 'inicio']"
910,i n l e i,"['inlay', 'inley']"
911,i n o x o,"['inojo', 'hinojo']"
912,i n s,"['inns', 'eans', 'ceans']"
913,i n tʃ a,"['hincha', 'incha']"
914,i n t̪ a n a,"['intana', 'uintana']"
915,i n t̪ e n t̪ o,"['intentó', 'intento']"
916,i n t̪ e ɣ ɾ o,"['integró', 'íntegro']"
917,i n t̪ o,"['into', 'intó']"
918,i n u,"['ishnú', 'inú']"
919,i n θ e n d̪ j o,"['incendió', 'incendio']"
920,i o l e t̪,"['iolette', 'iolet']"
921,i o n,"['uion', 'ion', 'ión']"
922,i o s,"['ios', 'íos', 'uíos']"
923,i o t̪ o,"['iotto', 'ioto']"
924,i p,"['hip', 'ip']"
925,i p a,"['ípa', 'ipa']"
926,i p e r t̪ e n s j o n,"['ipertensión', 'hipertensión']"
927,i p e r t̪ e r m j a,"['hipertermia', 'ipertermia']"
928,i p e ɾ e s p a θ j o,"['hiperespacio', 'iperespacio']"
929,i p i,"['hippy', 'ippi']"
930,i p o,"['ippo', 'ipo']"
931,i p o l i t̪ o,"['ipolito', 'ipólito']"
932,i p o n,"['ippon', 'ipon']"
933,i p s,"['hips', 'ips']"
934,i r k o,"['irco', 'irko']"
935,i r t̪,"['irt', 'irth']"
936,i r ð s,"['yrds', 'irds']"
937,i r β j e n d̪ o,"['irviendo', 'hirviendo']"
938,i s a,"['issa', 'isa']"
939,i s e,"['ise', 'ouise']"
940,i s e ɲ o,"['iseñó', 'iseño']"
941,i s e ɾ,"['isser', 'isher']"
942,i s i,"['isi', 'issy']"
943,i s j o n,"['ision', 'isión', 'ission']"
944,i s k,"['isch', 'isk']"
945,i s n u,"['ishnú', 'isnú']"
946,i s o n,"['yson', 'isón', 'ishon']"
947,i s p a l e n s e,"['ispalense', 'hispalense']"
948,i s p a n i k a,"['hispánica', 'ispánica']"
949,i s p a n o,"['hispano', 'ispano']"
950,i s p a n o a m e ɾ i k a n a,"['ispanoamericana', 'hispanoamericana']"
951,i s r a e l i,"['israeli', 'israelí']"
952,i s t̪,"['ist', 'yst']"
953,i s t̪ e ɾ,"['ister', 'yster']"
954,i s t̪ e ɾ j o,"['isterio', 'ysterio']"
955,i s t̪ o l o ç i a,"['histología', 'istología']"
956,i s t̪ o ɾ i k a,"['histórica', 'istórica']"
957,i s t̪ o ɾ i k a m e n t̪ e,"['istóricamente', 'históricamente']"
958,i s t̪ o ɾ i k o,"['istórico', 'histórico']"
959,i s t̪ o ɾ i k o s,"['históricos', 'istóricos']"
960,i s t̪ o ɾ j a,"['istoria', 'historia']"
961,i s t̪ o ɾ j a s,"['istorias', 'historias']"
962,i s t̪ o ɾ j a ð o ɾ e s,"['istoriadores', 'historiadores']"
963,i s t̪ o ɾ j o ɣ ɾ a f i a,"['istoriografía', 'historiografía']"
964,i tʃ i ɣ a n,"['íchigan', 'ichigan']"
965,i tʃ o,"['ichó', 'icho']"
966,i t̪ a,"['heetah', 'ita']"
967,i t̪ a c e ɾ,"['hitaker', 'hittaker']"
968,i t̪ a s,"['hiitas', 'heetahs']"
969,i t̪ e,"['ite', 'hite']"
970,i t̪ i ŋ,"['hiting', 'ighting', 'ightning']"
971,i t̪ o n,"['idtown', 'ython']"
972,i t̪ o ɾ,"['itor', 'ítor']"
973,i t̪ o ɾ j a,"['itoria', 'itória']"
974,i t̪ s,"['ights', 'hits', 'its']"
975,i t̪ s i,"['izzi', 'izzy', 'izzie']"
976,i w e i,"['idgway', 'ighway']"
977,i x a,"['hija', 'ija']"
978,i x j e n e,"['higiene', 'igiene']"
979,i x o,"['hijo', 'ijo']"
980,i x o s,"['hijos', 'ijos']"
981,i x t̪ e n s t̪ a i n,"['ichtenstein', 'iechtenstein']"
982,i ç e n,"['xygen', 'ixen']"
983,i ç e ɾ,"['iger', 'íger']"
984,i ð,"['id', 'eed']"
985,i ð a,"['ída', 'hida', 'ida']"
986,i ð a l ɣ o,"['hidalgo', 'idalgo']"
987,i ð a s,"['idas', 'idz']"
988,i ð e o,"['ideó', 'ideo']"
989,i ð e o s,"['ídeos', 'ideos']"
990,i ð e ɾ,"['eather', 'íder', 'ider']"
991,i ð f o r ð,"['itford', 'hitford']"
992,i ð i,"['idi', 'ity']"
993,i ð i n,"['idin', 'ydin']"
994,i ð j a,"['ydia', 'idia']"
995,i ð j o,"['idio', 'idió']"
996,i ð l e t̪ o n,"['iddleton', 'iddletown']"
997,i ð n e i,"['hitney', 'idney', 'ídney']"
998,i ð s,"['ids', 'eads']"
1000,i ð ɾ a,"['ydra', 'idra']"
1001,i ð ɾ a u l i k a,"['idráulica', 'hidráulica']"
1002,i ð ɾ a θ i n a,"['hidrazina', 'hidracina']"
1003,i ð ɾ o ɣ ɾ a f i k a,"['idrográfica', 'hidrográfica']"
1004,i ŋ,"['hing', 'ing']"
1005,i ŋ k,"['ink', 'inch']"
1006,i ŋ k ɾ e m e n t̪ o,"['incrementó', 'incremento']"
1007,i ŋ ɡ,"['ingh', 'ing']"
1008,i ŋ ɡ l e s,"['ingles', 'inglés']"
1009,i ŋ ɡ s,"['ings', 'hings']"
1010,i ŋ ɡ s t̪ o n,"['ingston', 'ingstown']"
1011,i ŋ ɡ ɾ e s o,"['ingreso', 'ingresó']"
1012,i ɣ a ɾ o,"['igaro', 'ígaro']"
1013,i ɣ l e ɾ,"['iegler', 'iggler']"
1014,i ɣ n o ɾ o,"['ignoro', 'ignoró']"
1015,i ɣ o,"['higo', 'igo']"
1016,i ɣ o s,"['higos', 'igos']"
1017,i ɣ s,"['iggs', 'higs']"
1018,i ɣ t̪ o ɾ,"['ictor', 'íctor']"
1019,i ɣ u ɾ,"['igur', 'igurd']"
1020,i ɾ a i,"['iray', 'hirai']"
1021,i ɾ e,"['ire', 'iré']"
1022,i ɾ e s,"['yres', 'ires']"
1023,i ɾ o,"['iró', 'iro']"
1024,i ɾ o n,"['irón', 'iron', 'yron']"
1025,i ɾ o s,"['uirós', 'iros']"
1026,i ʎ,"['ill', 'uill']"
1027,i ʎ a,"['ilah', 'illa', 'hilla']"
1028,i ʎ a n,"['hillán', 'illán', 'illan']"
1029,i ʎ e,"['ille', 'illae', 'uille']"
1030,i ʎ e t̪,"['illette', 'illet']"
1031,i ʎ i,"['illie', 'illary']"
1032,i ʎ o n,"['illon', 'hillón', 'illón']"
1033,i ʎ o t̪ a,"['illota', 'uillota']"
1034,i ʝ e l,"['iguel', 'igel']"
1035,i ʝ e n,"['ihyen', 'iguen']"
1036,i ʝ e ɾ a s,"['igueras', 'higueras']"
1037,i ʝ i,"['iggy', 'iyi']"
1038,i β,"['hip', 'eep']"
1039,i β a n,"['ivan', 'iban']"
1040,i β a ɾ,"['ibar', 'ybar', 'ivar']"
1041,i β e i ɾ o,"['ibeyro', 'ibeiro']"
1042,i β e s,"['ives', 'ibes']"
1043,i β e ð,"['íbet', 'ibet']"
1044,i β e ɾ a,"['ibera', 'ivera']"
1045,i β i s j o n,"['ivision', 'ivisión']"
1046,i β j o,"['ivió', 'ivio']"
1047,i β o,"['hivo', 'ivo']"
1048,i β o r ɣ,"['cyborg', 'yborg']"
1049,i θ,"['ealth', 'iz']"
1050,i θ a,"['iza', 'uizá', 'izza']"
1051,i θ e,"['ice', 'ize', 'hice']"
1052,i θ e n,"['izen', 'icen']"
1053,i θ i,"['izzie', 'izi']"
1054,i θ i m o s,"['hicimos', 'icimos']"
1055,i θ j e ɾ o n,"['icieron', 'hicieron']"
1056,i θ o,"['izeau', 'izo', 'hizo']"
1057,j e n,"['uién', 'uien']"
1059,j e n e s,"['ienes', 'uienes']"
1060,j e r e,"['ierre', 'aierre']"
1061,j e t̪ a,"['uieta', 'ieta']"
1062,j e ð,"['iet', 'uiet']"
1063,j e ɾ e s,"['ieres', 'uieres']"
1064,j e ɾ o,"['iero', 'uiero']"
1066,j o n,"['uion', 'ion', 'uión']"
1067,k a e,"['cae', 'quae']"
1068,k a i,"['kay', 'caí', 'cay']"
1069,k a l k u l o,"['calculó', 'cálculo']"
1070,k a m a ɾ a,"['camara', 'cámara']"
1071,k a m b j a ɾ a,"['cambiara', 'cambiará']"
1072,k a m b j o,"['cambió', 'cambio']"
1073,k a m p o,"['campo', 'campó']"
1074,k a n,"['cann', 'can']"
1075,k a n t̪ o,"['cantó', 'canto']"
1076,k a p i t̪ u l o,"['capituló', 'capítulo']"
1077,k a r n e,"['carné', 'carne']"
1078,k a r ð a n,"['cardan', 'cardán']"
1079,k a s a ɾ,"['casar', 'akassar']"
1080,k a s o,"['casó', 'caso']"
1081,k a t̪ a l o ɣ o,"['catalogó', 'catálogo']"
1082,k a u s o,"['causó', 'causo']"
1083,k a ð,"['kd', 'quad']"
1084,k a ð e t̪ e s,"['cadetes', 'kadetes']"
1085,k a ɾ a,"['kara', 'cara']"
1086,k a ɾ a t̪ e,"['karate', 'kárate']"
1087,k a ɾ a ɣ t̪ e ɾ,"['carácter', 'caracter']"
1088,k a β a n d̪ o,"['cabando', 'cavando']"
1089,k a β o,"['cabo', 'cabó']"
1090,k i,"['cee', 'hakti']"
1091,k j e n,"['quien', 'quién']"
1092,k l i k,"['clic', 'click']"
1093,k o,"['co', 'ko']"
1094,k o l,"['call', 'col']"
1095,k o l a β o ɾ o,"['colaboro', 'colaboró']"
1096,k o l a β s o,"['colapso', 'colapsó']"
1097,k o m,"['com', 'kom']"
1098,k o m a n d̪ o,"['comando', 'comandó']"
1099,k o m o,"['cómo', 'komo', 'como']"
1100,k o m p l e m e n t̪ o,"['complemento', 'complementó']"
1101,k o m p l e t̪ o,"['completo', 'completó']"
1102,k o n,"['cón', 'con', 'kon']"
1103,k o n f i r m o,"['confirmó', 'confirmo']"
1104,k o n s e r β o,"['conservó', 'conservo']"
1105,k o n s u m o,"['consumo', 'consumó']"
1106,k o n t̪ a ɣ t̪ o,"['contactó', 'contacto']"
1107,k o n t̪ i n w o,"['continuó', 'continuo']"
1108,k o n t̪ ɾ a t̪ o,"['contrato', 'contrató']"
1109,k o r t̪ e s,"['cortes', 'cortés']"
1110,k o r t̪ o,"['cortó', 'corto']"
1111,k o s t̪ o,"['costó', 'costo']"
1112,k o ŋ k u r s o,"['concursó', 'concurso']"
1113,k o ŋ k ɾ e t̪ o,"['concreto', 'concretó']"
1114,k o ɣ t̪ e l,"['coctel', 'cóctel']"
1115,k s,"['aks', 'x']"
1116,k s t̪ e n s j o n,"['xtension', 'xtensión']"
1117,k u,"['q', 'akú', 'kua']"
1118,k u l t̪ i β o,"['cultivo', 'cultivó']"
1119,k u p a,"['cupa', 'kupa']"
1120,k u p o,"['cupo', 'cupó']"
1121,k u r s o,"['cursó', 'curso']"
1122,k u t̪,"['cut', 'cout']"
1123,k w a l,"['cual', 'cuál']"
1124,k w a n,"['cuán', 'cuan']"
1125,k w a n d̪ o,"['cuando', 'cuándo']"
1126,k w a n t̪ a,"['cuánta', 'cuanta']"
1127,k w a n t̪ o,"['cuánto', 'cuanto']"
1128,k w a n t̪ o s,"['cuántos', 'cuantos']"
1129,k w a ð ɾ a,"['quadra', 'cuadra']"
1130,k ɾ a t̪,"['crath', 'crat']"
1131,k ɾ e o,"['creo', 'creó']"
1132,k ɾ i t̪ i k a,"['critica', 'crítica']"
1133,k ɾ i t̪ i k o,"['criticó', 'crítico']"
1134,k ɾ j o,"['crió', 'crio']"
1135,k ɾ u θ e,"['cruce', 'crucé']"
1136,l,"['xl', 'hle', 'l']"
1137,l a,"['la', 'lá']"
1138,l a i n,"['lein', 'lain']"
1139,l a i ʃ,"['lige', 'laish']"
1140,l a l i,"['lhli', 'lhly']"
1141,l a m o,"['lamó', 'lamo']"
1142,l a n a,"['lana', 'lanna']"
1143,l a n θ o,"['lanzo', 'lanzó']"
1144,l a s,"['las', 'lass']"
1145,l a s e ɾ,"['laser', 'láser']"
1146,l a s k a,"['laska', 'lasca']"
1147,l a s t̪ i m a,"['lástima', 'lastima']"
1148,l a t̪,"['lat', 'latte']"
1149,l a t̪ e ɾ,"['latter', 'later']"
1150,l a ð i m i ɾ,"['ladimir', 'ladímir']"
1151,l a ɾ,"['lasr', 'lhawr']"
1152,l a β e l,"['lavel', 'label']"
1153,l a β j o,"['lávio', 'labio', 'lavio']"
1154,l a θ e,"['laze', 'lace']"
1155,l a θ e ɾ e s,"['lázeres', 'laceres']"
1156,l e i ð a,"['leida', 'leída']"
1157,l e m a,"['lemaa', 'lema']"
1158,l e n,"['lauen', 'lenn', 'len']"
1159,l e n t̪ o,"['lentó', 'lento']"
1160,l e o,"['leó', 'leo']"
1161,l e s a,"['lessa', 'lesa']"
1162,l e t̪ a,"['leta', 'letta']"
1163,l e t̪ ɾ a,"['letra', 'lektra']"
1164,l e x o s,"['laejos', 'lejos']"
1165,l e ɣ o,"['lego', 'legó']"
1166,l e β a n t̪ e,"['levanté', 'levante']"
1167,l e β a n t̪ o,"['levanto', 'levantó']"
1168,l i k,"['lick', 'lic', 'lickr']"
1169,l i k o ɾ,"['licor', 'lickr']"
1170,l i m,"['limt', 'lim']"
1171,l i m i t̪ e,"['limites', 'limite', 'límite']"
1172,l i m i t̪ e s,"['limites', 'límites']"
1173,l i m p i k o s,"['limpicos', 'límpicos']"
1174,l i m p j a,"['lympia', 'limpia']"
1175,l i m p j o,"['limpio', 'limpió']"
1176,l i n e a s,"['líneas', 'lineas']"
1177,l i o,"['lío', 'lio']"
1178,l i s a β e t̪,"['lisabeth', 'lisabet']"
1179,l i s e s,"['lysses', 'lises']"
1180,l i x a,"['lijah', 'lija']"
1181,l i β e ɾ a,"['libera', 'livera']"
1182,l i β e ɾ o,"['líbero', 'liberó']"
1183,l i β ɾ o,"['libró', 'libro']"
1185,l o,"['low', 'lo']"
1186,l o i s a,"['loisa', 'loísa']"
1187,l o n,"['lown', 'lon']"
1188,l o x j o,"['logio', 'logió']"
1189,l o ɣ ɾ o,"['logro', 'logró']"
1190,l o ɾ,"['lord', 'lhor', 'lor']"
1191,l s a,"['lsa', 'lza']"
1192,l s o n,"['hlson', 'lsson']"
1193,l t̪ a ɾ,"['lltar', 'ltar']"
1194,l u,"['lue', 'luny']"
1195,l u s,"['lus', 'lues']"
1196,l u s o,"['luso', 'louseau']"
1197,l u ð,"['lood', 'loud']"
1198,l u ɣ,"['lugh', 'look', 'lough']"
1199,l β a n i,"['lbani', 'lbany']"
1200,l β i,"['lbi', 'lbay']"
1201,l β i n,"['lbin', 'lvin']"
1202,l β i s,"['lbis', 'lvis']"
1203,m,"['m', 'mash', 'hm']"
1204,m a c i n a s,"['máquinas', 'maquinas']"
1205,m a m a,"['mama', 'mamá']"
1206,m a n,"['mmán', 'mm', 'mán']"
1207,m a n d̪ e,"['mandé', 'mande']"
1208,m a n d̪ o,"['mando', 'mandó']"
1209,m a n w e l,"['manuel', 'mmanuel']"
1210,m a p a,"['mapa', 'mapá']"
1211,m a r c e t̪ i ŋ,"['marketing', 'márketing']"
1212,m a r k a ɾ a,"['marcara', 'marcará']"
1213,m a r k o,"['marco', 'marcó']"
1214,m a s,"['mas', 'más', 'macs']"
1215,m a s t̪ e ɾ,"['máster', 'master']"
1216,m a t̪ e,"['mate', 'maté']"
1217,m a t̪ e ɾ,"['máter', 'mateur', 'matter']"
1218,m a ð,"['mat', 'hmad']"
1219,m a ð u ɾ o,"['maduró', 'maduro']"
1220,m a ɣ n i f i k a,"['magnífica', 'magnifica']"
1221,m a ɾ a t̪ i,"['marathi', 'maratí']"
1222,m a ʝ a,"['maya', 'maia']"
1223,m e,"['me', 'mmet']"
1224,m e n,"['xamen', 'men']"
1225,m e t̪,"['mmet', 'ammett']"
1226,m e ɾ i k a n a,"['mericana', 'anmericana']"
1227,m e ɾ i t̪ o,"['merito', 'mérito']"
1228,m i l i,"['milie', 'mily']"
1229,m i n a,"['mahyna', 'mina']"
1230,m i s,"['mmys', 'mis']"
1231,m i t̪,"['mith', 'mit']"
1232,m i t̪ e,"['mythe', 'mite']"
1233,m i ɣ ɾ a θ j o n,"['migración', 'nmigración']"
1234,m i ɾ o,"['miró', 'miro']"
1235,m o n t̪ e,"['monté', 'monte']"
1236,m o n t̪ e s,"['montés', 'montes']"
1237,m o n t̪ o,"['monto', 'montó']"
1238,m o r t̪ a l,"['mmortal', 'nmortal', 'mortal']"
1239,m o s t̪ ɾ o,"['mostró', 'mostro']"
1240,m o t̪ i β o,"['motivo', 'motivó']"
1241,m o t̪ o,"['motto', 'moto']"
1242,m o ð e l o,"['modeló', 'modelo']"
1243,m p l e o,"['mpleó', 'mpleo']"
1244,m p l j o,"['mplio', 'mplió']"
1245,m p u l s o,"['mpulsó', 'mpulso']"
1246,m u l a,"['mula', 'mulá']"
1247,m u s i k a,"['música', 'musica']"
1248,m u ð o,"['mudó', 'mudo']"
1249,n a,"['na', 'ianna', 'nna']"
1250,n a i,"['nai', 'nig']"
1251,n a l e s,"['nales', 'nnales']"
1252,n a β e l,"['nabel', 'nnabel']"
1253,n a β e ɣ o,"['navegó', 'navego']"
1254,n a θ j o,"['nació', 'gnacio']"
1255,n d̪ a m a n,"['ndamán', 'ndaman']"
1256,n d̪ e r s o n,"['ndersson', 'nderson']"
1257,n d̪ i,"['ndi', 'ndy']"
1258,n d̪ j a n a p o l i s,"['ndianápolis', 'ndianapolis']"
1259,n d̪ ɾ e s,"['ndress', 'ndrés', 'ndres']"
1260,n d̪ ɾ e u,"['ndrew', 'ndreu']"
1261,n e s,"['nnes', 'nes', 'nés']"
1262,n e t̪,"['nette', 'nnette']"
1263,n i s,"['gnis', 'nnis']"
1264,n i θ j o,"['nicio', 'nició']"
1265,n k,"['nc', 'ngke']"
1266,n o m b ɾ o,"['nombró', 'nombro']"
1267,n o n,"['nown', 'non']"
1268,n o t̪ o,"['noto', 'notó']"
1269,n s,"['ns', 'nce']"
1270,n t̪ e n t̪ o,"['ntento', 'ntentó']"
1271,n t̪ e r k a m b j o,"['ntercambio', 'ntercambió']"
1273,n t̪ o n,"['ntón', 'nton']"
1274,n u m,"['núm', 'num']"
1275,n u n θ j o,"['nuncio', 'nunció']"
1277,n ɲ j o,"['ntnio', 'nnio']"
1278,n θ e,"['nc', 'nce']"
1279,o a,"['oah', 'oa', 'otha']"
1280,o a l,"['ohl', 'oal']"
1281,o a n,"['ohang', 'oan', 'ohann']"
1282,o a n a,"['ohana', 'ohanna']"
1283,o c e,"['ocke', 'oke', 'oque']"
1284,o c e i,"['hockey', 'ockey']"
1285,o c e ɾ,"['oker', 'ocker']"
1286,o c i,"['oki', 'oqui', 'ocky']"
1287,o e i,"['ohei', 'oei', 'oey']"
1288,o e n,"['oen', 'ohen']"
1289,o f,"['opff', 'of', 'oft']"
1290,o f i θ j o,"['ofició', 'oficio']"
1291,o f m n,"['offmann', 'ofmann']"
1292,o i n,"['oin', 'ueang']"
1293,o i s o n,"['oison', 'oisson']"
1294,o i ð a,"['oída', 'oshida']"
1295,o i ɾ,"['oir', 'hoir', 'oír']"
1296,o i θ e,"['hoice', 'oice']"
1297,o k a,"['oka', 'oca', 'occa']"
1298,o k o,"['ocó', 'oco']"
1299,o k u p o,"['ocupó', 'ocupo']"
1300,o k u s,"['ockus', 'ocus']"
1301,o l a,"['ola', 'hola', 'olha']"
1302,o l a r t̪ i k a,"['holártica', 'olártica']"
1303,o l d̪ i ŋ,"['holding', 'olding']"
1304,o l e,"['ole', 'hole']"
1305,o l e i,"['óley', 'oley']"
1306,o l e n,"['holen', 'ohlen']"
1307,o l e o,"['óleo', 'oleo']"
1308,o l e s,"['owles', 'oles', 'olés']"
1309,o l e ð o,"['oledo', 'olledo']"
1310,o l e ɾ,"['oler', 'owler']"
1311,o l f,"['olff', 'olf']"
1312,o l i,"['oly', 'oli', 'olly']"
1313,o l i m a,"['olymá', 'olima']"
1314,o l i s,"['olis', 'olís']"
1315,o l i β a ɾ,"['olívar', 'olivar']"
1316,o l j o,"['olio', 'olió']"
1317,o l k a,"['olca', 'olka']"
1318,o l o s,"['olos', 'holos']"
1319,o l o w e i,"['olloway', 'alloway']"
1320,o l s o n,"['olsón', 'olson']"
1321,o l s t̪ o i,"['olstoi', 'olstói']"
1322,o l β i ð o,"['olvido', 'olvidó']"
1323,o m,"['hom', 'omm', 'om']"
1324,o m a,"['oma', 'omma']"
1325,o m a n,"['oman', 'omm', 'omán']"
1326,o m a s,"['omas', 'homas', 'omás']"
1327,o m b e,"['ombe', 'omb']"
1328,o m b ɾ e,"['ombre', 'hombre']"
1329,o m b ɾ e s,"['ombres', 'hombres']"
1330,o m b ɾ o,"['ombró', 'hombro']"
1331,o m e,"['ome', 'omme']"
1332,o m e n a ç e,"['homenaje', 'omenaje']"
1333,o m e n t̪ o,"['omentó', 'omento']"
1334,o m e r s,"['ommers', 'omers']"
1335,o m e ð j a,"['omedia', 'ommedia']"
1336,o m e ɾ,"['ohmer', 'omer']"
1337,o m e ɾ θ j a l,"['ommercial', 'omercial']"
1338,o m e θ,"['omez', 'ómez']"
1339,o m i n i k,"['ominik', 'ominic']"
1340,o m i s j o n,"['ommission', 'omisión']"
1341,o m o,"['ómo', 'omó', 'omo']"
1342,o m o ð o,"['omodo', 'ómodo']"
1343,o m u l o,"['omulo', 'ómulo']"
1344,o m u ɲ j o n,"['ommunion', 'omunión']"
1345,o n a k o,"['ónaco', 'onaco']"
1346,o n d̪ a,"['honda', 'onda']"
1347,o n d̪ e,"['ónde', 'onde']"
1348,o n d̪ o,"['hondo', 'ondo']"
1349,o n d̪ o n,"['ondon', 'ondón']"
1350,o n d̪ o ɾ,"['ondor', 'óndor']"
1351,o n e,"['oanne', 'one', 'hone']"
1352,o n e s,"['ownes', 'ones']"
1353,o n e s t̪ i ð a ð,"['honestidad', 'onestidad']"
1354,o n o ɾ,"['onnor', 'onor', 'honor']"
1355,o n o ɾ a ɾ j o,"['honorario', 'onorario']"
1356,o n o ɾ i f i k o,"['honorífico', 'onorífico']"
1357,o n r a ð o,"['honrado', 'onrado']"
1358,o n s,"['ohns', 'ons', 'hlons']"
1359,o n s i ð e ɾ o,"['onsidero', 'onsideró']"
1360,o n s o n,"['ohnsson', 'onson', 'ohnson']"
1361,o n t̪ o,"['ontó', 'onto']"
1362,o n t̪ o n,"['owntown', 'ontón']"
1363,o n t̪ s e,"['ontse', 'ontseny']"
1364,o n θ a l e θ,"['onzalez', 'onzález']"
1365,o o,"['oao', 'oo', 'ooh']"
1366,o o p e ɾ,"['ooper', 'opper']"
1367,o o s e,"['oose', 'hoose']"
1368,o p,"['oap', 'op']"
1369,o p e,"['oppe', 'ope']"
1370,o p e n a ʝ e,"['openhague', 'openague']"
1371,o p e ɾ a,"['opera', 'ópera']"
1372,o p e θ,"['opez', 'ópez']"
1373,o p o,"['hopo', 'opo']"
1374,o r e o s,"['hórreos', 'orreos']"
1375,o r i,"['ory', 'orri']"
1376,o r k,"['ork', 'orck']"
1377,o r k a,"['horca', 'orka', 'orca']"
1378,o r l a n d̪,"['orland', 'orrland']"
1379,o r m a n,"['ormann', 'orman']"
1380,o r m o,"['ormó', 'ormo']"
1381,o r m o n a,"['hormona', 'ormona']"
1382,o r m u l a,"['ormula', 'órmula']"
1383,o r n o,"['orno', 'horno']"
1384,o r o,"['orro', 'horro']"
1385,o r o ɾ,"['orror', 'horror']"
1386,o r p s,"['orps', 'orpse']"
1387,o r t̪,"['hort', 'orth', 'ort']"
1388,o r t̪ a l i θ a s,"['ortalizas', 'hortalizas']"
1389,o r t̪ e s,"['ortés', 'ortes']"
1390,o r t̪ o,"['orto', 'ortó']"
1391,o r ð a,"['horda', 'orda', 'ordá']"
1392,o r ð a n,"['ordan', 'ordán']"
1393,o r ð e n o,"['ordenó', 'ordeno']"
1394,o r ð o n,"['ordon', 'ordón']"
1395,o r ð o β a,"['órdoba', 'ordoba', 'órdova']"
1396,o r β o,"['orvo', 'orbo']"
1397,o s a ɾ j o,"['osário', 'osario']"
1398,o s e,"['osé', 'ose']"
1399,o s e f,"['ózef', 'osef']"
1400,o s e n,"['ohsen', 'osen']"
1401,o s e s,"['oses', 'osés']"
1402,o s e t̪ i,"['ossetti', 'osetti']"
1403,o s e β,"['osep', 'oseph']"
1404,o s o,"['oso', 'osó', 'osso']"
1405,o s o n,"['osón', 'odgson']"
1406,o s o s,"['osos', 'ossos']"
1407,o s p i t̪ a l,"['ospital', 'hospital']"
1408,o s p i t̪ a l a ɾ j a,"['hospitalaria', 'ospitalaria']"
1409,o s p i t̪ a l a ɾ j o s,"['ospitalarios', 'hospitalarios']"
1410,o s t̪,"['ost', 'host']"
1411,o t̪ a n i k,"['otanik', 'otanic']"
1412,o t̪ e l,"['otel', 'hotel']"
1413,o t̪ e r ð a m,"['otterdam', 'óterdam']"
1414,o t̪ i,"['otti', 'oti', 'ottie']"
1415,o t̪ o,"['hoto', 'otto', 'oto']"
1416,o t̪ o n,"['otton', 'otón']"
1417,o t̪ s,"['ots', 'otts', 'hots']"
1418,o u l d̪,"['oauld', 'ould', 'hould']"
1419,o u l d̪ e ɾ,"['houlder', 'oulder']"
1420,o u r s,"['ours', 'houars']"
1421,o u ɣ,"['oug', 'ough']"
1422,o x a,"['oja', 'hoja']"
1424,o x a s,"['ojas', 'hojas']"
1425,o ð e,"['hode', 'ode']"
1426,o ð e n,"['odem', 'oden']"
1427,o ð e n a,"['ódena', 'odena']"
1428,o ð e ɾ,"['other', 'odder', 'oder']"
1429,o ð i,"['odhi', 'odi']"
1430,o ð m a n,"['oldman', 'othman']"
1431,o ð o,"['odo', 'odó']"
1432,o ð s,"['ods', 'odds']"
1433,o ð ɾ i ʝ e θ,"['odríguez', 'odriguez']"
1434,o ŋ ɡ,"['hong', 'ong']"
1435,o ŋ ɡ o,"['ongo', 'hongo']"
1436,o ɣ,"['ogg', 'og', 'ogh']"
1437,o ɣ a r t̪,"['ogarth', 'ogart']"
1438,o ɣ a ð o,"['ogado', 'hogado']"
1439,o ɣ a ɾ,"['ogar', 'hogar']"
1440,o ɣ k o,"['ocko', 'occo']"
1441,o ɣ ɾ o,"['ogró', 'ogro']"
1442,o ɲ i,"['onty', 'oñi']"
1443,o ɾ a n,"['oran', 'orán']"
1444,o ɾ a s,"['horas', 'oras']"
1445,o ɾ a ð o,"['horado', 'orado']"
1446,o ɾ a θ o n,"['orazón', 'orazon']"
1447,o ɾ e,"['hore', 'ore']"
1448,o ɾ e t̪ o,"['oretto', 'oreto']"
1449,o ɾ i,"['ory', 'ori']"
1450,o ɾ i n,"['orín', 'orin']"
1451,o ɾ i s,"['orís', 'oris']"
1452,o ɾ i t̪ a,"['orita', 'horita']"
1453,o ɾ i θ o n t̪ e,"['orizonte', 'horizonte']"
1454,o ɾ o,"['oró', 'oro']"
1455,o ɾ o ð i n,"['orodin', 'orodín']"
1456,o ʃ,"['osh', 'hosh']"
1457,o ʝ a,"['ophia', 'hoya', 'oya']"
1458,o ʝ a l,"['oyal', 'oyale']"
1459,o ʝ a s,"['oyz', 'oyas']"
1460,o ʝ e ɾ a,"['oyera', 'hoguera', 'oguera']"
1461,o ʝ e ɾ a s,"['ogueras', 'hogueras']"
1462,o ʝ i,"['ogui', 'oggi']"
1463,o ʝ o s,"['oyos', 'hoyos']"
1464,o ʝ s,"['oyz', 'oyce']"
1465,o β a,"['ova', 'oba']"
1466,o β a n,"['ovan', 'oban']"
1467,o β a ɾ,"['obar', 'ovar']"
1468,o β e,"['ove', 'obe']"
1469,o β e i,"['obey', 'ovey']"
1470,o β e l,"['obel', 'ovel', 'óbel']"
1471,o β e r n a ð o ɾ,"['obernador', 'overnador']"
1472,o β e s,"['obbes', 'oves']"
1473,o β e ɾ,"['over', 'ober']"
1474,o β i,"['obby', 'oby', 'obi']"
1475,o β i ɾ a,"['ovira', 'obirá']"
1476,o β j a,"['obvia', 'ovia', 'obbia']"
1477,o β j e,"['ovie', 'obbie']"
1478,o β o,"['ovo', 'obo']"
1479,o β o a,"['ovoa', 'oboa']"
1480,o β u l o s,"['óvulos', 'óbulos']"
1481,o θ,"['hoz', 'oz']"
1482,o θ i o,"['ocío', 'ozzio']"
1483,o θ j o,"['ocio', 'ozzio']"
1484,p a,"['ppa', 'pa']"
1485,p a i s e s,"['paises', 'países']"
1486,p a n,"['pawn', 'pan']"
1487,p a p a,"['papa', 'papá']"
1488,p a p a s,"['papas', 'papás']"
1489,p a r t̪ i θ i p a ɾ a,"['participara', 'participará']"
1490,p a r t̪ i θ i p e,"['participe', 'partícipe']"
1491,p a r t̪ i θ i p o,"['participó', 'participo']"
1492,p a s a ɾ a,"['pasará', 'pasara']"
1493,p a s a ɾ a n,"['pasaran', 'pasarán']"
1494,p a s e,"['pase', 'pasé']"
1495,p a s o,"['pasó', 'paso']"
1496,p a t̪ ɾ o n,"['patron', 'patrón']"
1497,p a ç i n a,"['página', 'pagina']"
1498,p a ɣ o,"['pago', 'pagó']"
1499,p a ɣ t̪ o,"['pactó', 'pacto']"
1500,p a ɾ o,"['paro', 'paró']"
1501,p e k,"['pec', 'peck']"
1502,p e n,"['pen', 'ppen']"
1503,p e r f o r m a n s,"['performance', 'performances']"
1504,p e s e,"['pese', 'ps']"
1505,p e t̪ ɾ o l e o,"['petróleo', 'petroleo']"
1506,p e ɾ,"['per', 'pper']"
1507,p e ɾ o,"['pero', 'peró']"
1508,p i c e,"['pique', 'pike']"
1509,p i k o,"['picó', 'pico']"
1510,p i n o l a,"['pínola', 'pinola']"
1511,p i n t̪ o,"['pinto', 'pintó']"
1512,p i s t̪ o l a,"['pistola', 'pístola']"
1513,p i ð,"['pit', 'peed']"
1514,p i ð e ɾ,"['pider', 'pyder']"
1515,p l a t̪ o,"['plato', 'plató']"
1516,p l a t̪ o s,"['platos', 'platós']"
1517,p o l i,"['poly', 'poli']"
1518,p o s i t̪ o,"['xpósito', 'positó']"
1519,p o s t̪ e r s,"['posters', 'pósters']"
1520,p o ð,"['pot', 'pod']"
1521,p o ʝ o,"['poyó', 'poyo']"
1522,p u β l i k a,"['pública', 'publica']"
1523,p u β l i k o,"['público', 'publicó']"
1524,p u θ l e,"['puzzle', 'puzle']"
1525,p ɾ a ɣ t̪ i k a,"['practica', 'práctica']"
1526,p ɾ a ɣ t̪ i k o,"['practicó', 'práctico']"
1527,p ɾ e s e n t̪ o,"['presento', 'presentó']"
1528,p ɾ e s t̪ o,"['prestó', 'presto']"
1529,p ɾ e ɣ u n t̪ e,"['pregunté', 'pregunte']"
1530,p ɾ o l o ɣ o,"['prólogo', 'prologó']"
1531,p ɾ o p i θ j o,"['propicio', 'propició']"
1532,p ɾ o s p e ɾ a,"['prospera', 'próspera']"
1533,p ɾ o s p e ɾ o,"['prosperó', 'próspero']"
1534,p ɾ o ð i ɣ o,"['prodigó', 'pródigo']"
1535,p ɾ o ɣ ɾ e s o,"['progreso', 'progresó']"
1536,p ɾ o ʝ e ɣ t̪ o,"['proyectó', 'proyecto']"
1537,r,"['r', 'rahe']"
1538,r a,"['rá', 'ra']"
1539,r a a f,"['rafft', 'raff']"
1540,r a e,"['rae', 'rahe']"
1541,r a f,"['rafft', 'raff', 'rafn']"
1542,r a f t̪,"['rafft', 'raft']"
1543,r a i,"['rai', 'raig', 'ray']"
1544,r a i θ,"['raíz', 'raiz']"
1545,r a k,"['rack', 'rak', 'raq']"
1546,r a k u l a,"['racula', 'rácula']"
1547,r a m,"['ram', 'raham']"
1548,r a m o f o n,"['ramophone', 'rammophon']"
1549,r a n,"['rang', 'rán', 'ran']"
1550,r a n d̪,"['rand', 'randt']"
1551,r a n d̪ o,"['rrando', 'rando']"
1552,r a n i,"['ranny', 'raní']"
1553,r a o θ,"['ráoz', 'raoz']"
1554,r a p e ɾ,"['rapper', 'raper']"
1555,r a s,"['rass', 'rras', 'ras']"
1556,r a t̪,"['ratt', 'rat']"
1557,r a t̪ o,"['rató', 'rato']"
1558,r a u x o,"['raujo', 'raújo']"
1559,r a ŋ k,"['rank', 'ranck']"
1560,r a ŋ k l i n,"['ranklin', 'ranklyn']"
1561,r a ɣ o,"['ragó', 'rago']"
1562,r a ɣ o n,"['ragón', 'ragon']"
1563,r a ɣ t̪ i k a,"['ráctica', 'ractica']"
1564,r a ɾ a s,"['rras', 'raras']"
1565,r a ʝ a,"['raya', 'raia']"
1566,r a β a,"['rava', 'raba']"
1567,r a β a x o,"['rabajo', 'rabajó']"
1568,r a β e s,"['raves', 'rabes']"
1569,r a β o,"['rabó', 'rabo', 'ravo']"
1570,r a θ e l i,"['racely', 'raceli']"
1571,r a θ i,"['racy', 'razy']"
1572,r a θ j a n o,"['raciano', 'raziano']"
1573,r e,"['reg', 're', 'rahe']"
1574,r e a,"['rrea', 'rea']"
1575,r e a l i θ a ɾ a n,"['realizaran', 'realizarán']"
1576,r e a n d̪ o,"['reando', 'rreando']"
1577,r e e m p l a θ o,"['reemplazo', 'reemplazó']"
1578,r e f u x j o,"['refugio', 'refugió']"
1579,r e i,"['rey', 'ray', 'rei']"
1580,r e i n o,"['reino', 'reinó']"
1581,r e k,"['reck', 'rek']"
1582,r e k l a m o,"['reclamó', 'reclamo']"
1583,r e k u p e ɾ o,"['recuperó', 'recupero']"
1584,r e k ɾ e o,"['recreó', 'recreo']"
1585,r e l a t̪ o,"['relató', 'relato']"
1586,r e n a n,"['renan', 'rennan']"
1587,r e n d̪,"['rendt', 'rent', 'rend']"
1588,r e n t̪ e,"['rente', 'renthe']"
1589,r e o,"['reó', 'reo']"
1590,r e p a ɾ o,"['reparo', 'reparó']"
1591,r e s,"['res', 'ress']"
1592,r e s i ð j o,"['residió', 'residio']"
1593,r e s p a l d̪ o,"['respaldo', 'respaldó']"
1594,r e s t̪ o,"['restó', 'resto']"
1595,r e s u l t̪ o,"['resultó', 'resulto']"
1596,r e tʃ a θ o,"['rechazo', 'rechazó']"
1597,r e t̪ i ɾ o,"['retiro', 'retiró']"
1598,r e t̪ o n,"['retón', 'reton']"
1599,r e t̪ o r n o,"['retorno', 'retornó']"
1600,r e t̪ ɾ a s o,"['retrasó', 'retraso']"
1601,r e t̪ ɾ a t̪ o,"['retrató', 'retrato']"
1602,r e u s,"['reus', 'rpheus']"
1603,r e x j o n,"['región', 'region']"
1604,r e ç i s t̪ ɾ o,"['registró', 'registro']"
1605,r e ð e ɾ i k,"['rederick', 'rederic']"
1606,r e ɣ,"['reg', 'regg']"
1607,r e ɣ a l o,"['regalo', 'regaló']"
1608,r e ɣ o n,"['regón', 'regon']"
1609,r e ɣ ɾ e s e,"['regresé', 'regrese']"
1610,r e ɣ ɾ e s o,"['regresó', 'regreso']"
1611,r e ʝ e t̪ o n,"['reggaeton', 'reguetón']"
1612,r e β e l a ɾ o n,"['revelaron', 'rebelaron']"
1613,r e β e l o,"['reveló', 'rebeló']"
1614,r e θ j o,"['recio', 'reció']"
1615,r f,"['rahe', 'rff', 'raff']"
1616,r i a,"['ría', 'riah']"
1617,r i a s,"['rías', 'rishas']"
1618,r i k,"['rick', 'rik', 'ric']"
1619,r i k a,"['rica', 'rika']"
1620,r i k s,"['raphics', 'rix']"
1621,r i k s o n,"['riksson', 'ricsson']"
1622,r i m,"['rimm', 'rim']"
1623,r i m a n,"['ridgman', 'rimm']"
1624,r i n,"['rin', 'ryn']"
1625,r i n a,"['rishna', 'rianna', 'rina']"
1626,r i s,"['riss', 'rishas', 'ris']"
1627,r i s a,"['rissa', 'risa']"
1628,r i s t̪ a l,"['rystal', 'ristal']"
1629,r i s t̪ i n,"['ristin', 'ristinn']"
1630,r i s t̪ j a n,"['ristian', 'ristián']"
1631,r i s t̪ o,"['ristow', 'risto']"
1632,r i tʃ,"['rich', 'ridget', 'ridge']"
1633,r i t̪ a n i k a,"['ritannica', 'ritánica']"
1634,r i t̪ i k a,"['ritica', 'rítica']"
1635,r i t̪ o n,"['ritón', 'ritton', 'righton']"
1636,r i x a l β a,"['rijalva', 'rijalba']"
1637,r i ç i ð a s,"['rígidas', 'rigidas']"
1638,r i ŋ,"['ridgend', 'rying']"
1639,r i ɣ,"['rig', 'ric']"
1640,r i ɣ s,"['raphics', 'riggs']"
1641,r i β a,"['rriba', 'riva']"
1642,r i β e,"['rive', 'ribe']"
1643,r j a n a,"['riana', 'rianna']"
1644,r j o l a,"['riola', 'rriola']"
1645,r j o n,"['rion', 'rión']"
1646,r j u n f o,"['riunfó', 'riunfo']"
1647,r k a,"['rca', 'rka']"
1648,r m a ç e ð o n,"['rmagedón', 'rmageddon']"
1649,r m i,"['rammy', 'rmy']"
1650,r n s t̪,"['rnst', 'rnstadt']"
1651,r o f,"['rof', 'roft']"
1652,r o f e s j o n a l,"['rofesional', 'rofessional']"
1653,r o f e s o ɾ,"['rofesor', 'rofessor']"
1654,r o k o f j e β,"['rokófiev', 'rokofiev']"
1655,r o l,"['rrol', 'rol']"
1656,r o n s,"['rowns', 'rons']"
1657,r o s,"['ross', 'ros', 'rosz']"
1658,r o s a s,"['rosas', 'rosz']"
1659,r o ð e o,"['rodeó', 'rodeo']"
1660,r o ð e ɾ,"['rowther', 'rother']"
1661,r o ð s c i,"['rotsky', 'rodsky']"
1662,r o β,"['rov', 'rop']"
1663,r o β a,"['rova', 'roba']"
1664,r o θ,"['roz', 'rosz', 'rroz']"
1665,r s,"['rs', 'rce', 'houars']"
1666,r t̪,"['rt', 'ratt', 'rth']"
1667,r t̪ i θ,"['rtiz', 'rtíz']"
1668,r t̪ u ɾ,"['acrthur', 'rtur', 'rthur']"
1669,r u k,"['ruch', 'ruk']"
1670,r u s,"['rús', 'rus']"
1671,r u s t̪,"['rust', 'roust']"
1672,r u t̪,"['ruth', 'root']"
1673,r u ð,"['ruth', 'rood', 'roud']"
1674,r w e,"['rüe', 'rue']"
1675,s a,"['sa', 'ssa']"
1676,s a c e,"['saque', 'sake']"
1677,s a c e o,"['saqueo', 'saqueó']"
1678,s a i,"['ssai', 'sai']"
1679,s a k a,"['saka', 'saca']"
1680,s a k o,"['sacó', 'saco']"
1681,s a l,"['xl', 'sal']"
1682,s a l a,"['psala', 'sala']"
1683,s a l d̪ o,"['saldo', 'saldó']"
1684,s a l u ð o,"['saludó', 'saludo']"
1685,s a l β o,"['salvó', 'salvo']"
1686,s a n,"['san', 'ssam']"
1687,s a n o,"['sano', 'sanó']"
1688,s a β a n a,"['sábana', 'sabana']"
1689,s a β a n a s,"['sabanas', 'sábanas']"
1690,s a β j a,"['savia', 'sabia']"
1691,s c i,"['sky', 'squí']"
1692,s e,"['sé', 'se']"
1693,s e k o,"['secó', 'seco']"
1694,s e k s,"['sex', 'ssex']"
1695,s e u ð o n i m o,"['seudónimo', 'pseudónimo']"
1696,s e u ð o n i m o s,"['pseudónimos', 'seudónimos']"
1697,s e ɣ u ɾ o,"['seguro', 'seguró']"
1698,s f o r ð,"['xford', 'shford']"
1699,s i k j a t̪ ɾ i a,"['psiquiatría', 'siquiatría']"
1700,s i k o l o ç i a,"['sicología', 'psicología']"
1701,s i k o s i s,"['sicosis', 'psicosis']"
1702,s i m i s m o,"['símismo', 'simismo']"
1703,s i s t̪ e,"['siste', 'xiste']"
1704,s i s t̪ j e n d̪ o,"['sistiendo', 'xistiendo']"
1705,s i s t̪ j e ɾ o n,"['xistieron', 'sistieron']"
1706,s k,"['sk', 'sc']"
1707,s k s,"['xx', 'saacs']"
1708,s l a n,"['slam', 'slan']"
1709,s l a n d̪,"['sland', 'shland']"
1710,s m u t̪,"['smoot', 'xmouth']"
1711,s o,"['so', 'só']"
1712,s o l,"['shall', 'sol']"
1713,s o l i θ i t̪ a,"['solicita', 'solícita']"
1714,s o l o,"['sólo', 'solo']"
1715,s o n o,"['sono', 'sonó']"
1716,s o p o r t̪ o,"['soportó', 'soporto']"
1717,s o ʎ o θ o,"['sollozó', 'sollozo']"
1718,s o β ɾ e s a l t̪ o,"['sobresalto', 'sobresaltó']"
1719,s p,"['sp', 'ssp']"
1720,s p e ɾ o,"['spero', 'speró']"
1721,s t̪,"['st', 'ste']"
1723,s t̪ e ɾ,"['ster', 'sther']"
1724,s t̪ u ð j o,"['studió', 'studio']"
1725,s u p e ɾ,"['super', 'súper']"
1726,s u s,"['xus', 'sus']"
1727,s u s p i ɾ o,"['suspiro', 'suspiró']"
1728,s u ð a,"['suda', 'xuda']"
1729,tʃ a β a l,"['chával', 'chaval']"
1730,tʃ o,"['chao', 'cho']"
1731,t̪ a k,"['tac', 'ttack']"
1732,t̪ a k s,"['tax', 'ttacks']"
1733,t̪ a n,"['than', 'tan']"
1734,t̪ a p,"['tapp', 'tap']"
1735,t̪ a ɾ,"['tar', 'ttar']"
1736,t̪ a ʎ a,"['talla', 'atalla']"
1737,t̪ a β j a n o,"['ttaviano', 'ctaviano']"
1738,t̪ e l e β i s j o n,"['televisión', 'television']"
1739,t̪ e r m i n a ɾ a,"['terminara', 'terminará']"
1740,t̪ e r m i n o,"['término', 'termino', 'terminó']"
1741,t̪ e r t̪ o n,"['therton', 'hatterton']"
1742,t̪ e x a n o,"['texano', 'tejano']"
1743,t̪ i n s o n,"['tinson', 'attinson']"
1744,t̪ i s,"['this', 'tis']"
1745,t̪ i t̪ u l o,"['tituló', 'título']"
1746,t̪ i ŋ,"['ting', 'cting']"
1747,t̪ i ɾ o,"['tiró', 'tiro']"
1748,t̪ o c e s,"['tokes', 'toques']"
1749,t̪ o c e ɾ,"['toker', 'tocker']"
1750,t̪ o k a ɾ a,"['tocara', 'tocará']"
1751,t̪ o k o,"['tocó', 'toco']"
1752,t̪ o m e,"['tomé', 'tome']"
1753,t̪ o m o,"['tomó', 'tomo']"
1754,t̪ o r n o,"['tornó', 'torno']"
1755,t̪ o s,"['ctos', 'tos']"
1756,t̪ o ɾ e,"['tore', 'ttore']"
1757,t̪ s,"['cts', 'atts', 'ts']"
1758,t̪ s i,"['zzy', 'zzie']"
1759,t̪ u,"['tú', 'tu']"
1760,t̪ u ɾ,"['tour', 'atour']"
1761,t̪ u β o,"['tuvo', 'tubo']"
1762,t̪ ɾ a i l e ɾ,"['trailer', 'tráiler']"
1763,t̪ ɾ a n s i t̪ o,"['tránsito', 'transitó']"
1764,t̪ ɾ a s,"['trás', 'tras']"
1765,t̪ ɾ a s l a ð o,"['trasladó', 'traslado']"
1766,t̪ ɾ a t̪ a ɾ a,"['tratara', 'tratará']"
1767,t̪ ɾ a t̪ o,"['trató', 'trato']"
1768,t̪ ɾ a β a x o,"['trabajo', 'trabajó']"
1769,t̪ ɾ a β i n s c i,"['travinski', 'travinsky']"
1770,t̪ ɾ a θ o,"['trazó', 'trazo']"
1771,t̪ ɾ i,"['try', 'tree', 'tri']"
1772,t̪ ɾ j u n f o,"['triunfó', 'triunfo']"
1773,u a u t̪,"['ookout', 'uut']"
1774,u a ʝ e ɾ o,"['uiero', 'uggiero']"
1775,u c e,"['uque', 'ooke', 'uke']"
1776,u c e ɾ,"['uaker', 'ucker', 'ooker']"
1777,u f a l o,"['uffalo', 'úfalo']"
1778,u f i,"['ufí', 'uffy']"
1779,u i,"['udgy', 'uy', 'uí']"
1780,u i ð o,"['uidó', 'uido']"
1781,u k a,"['uca', 'ukka']"
1782,u k a s,"['ucas', 'ukas']"
1783,u k s,"['ooks', 'ux']"
1784,u l e s,"['awless', 'ules']"
1785,u l i,"['uli', 'ulie']"
1786,u l j a n,"['ulian', 'ulián']"
1787,u l t̪ i m a,"['ultima', 'última']"
1788,u l t̪ i m o,"['último', 'ultimo']"
1789,u m,"['um', 'úm']"
1790,u m a n,"['uman', 'human']"
1791,u m a n a,"['humana', 'umaná', 'umana']"
1792,u m a n a s,"['umanas', 'humanas']"
1793,u m a n i s t̪ a,"['humanista', 'umanista']"
1794,u m a n i ð a ð,"['umanidad', 'humanidad']"
1795,u m a n i ð a ð e s,"['umanidades', 'humanidades']"
1796,u m a n o,"['humano', 'umano']"
1797,u m a n o s,"['umanos', 'humanos']"
1798,u m e ð o,"['húmedo', 'úmedo']"
1799,u m e ɾ o,"['úmero', 'húmero']"
1800,u m o,"['umo', 'humo']"
1801,u m o ɾ,"['umor', 'humor']"
1802,u m u s,"['humus', 'hummus']"
1803,u n a,"['una', 'unha']"
1804,u n a n,"['unnan', 'unan']"
1805,u n d̪ e ɾ,"['hunder', 'under']"
1806,u n d̪ o,"['undó', 'undo']"
1807,u n e,"['unne', 'une']"
1808,u n i,"['unny', 'unhee']"
1809,u n i k a,"['única', 'unica']"
1810,u n i tʃ,"['unich', 'únich']"
1811,u n o s,"['unos', 'hunos']"
1812,u p a k,"['upac', 'úpac']"
1813,u p e ɾ,"['uper', 'úper']"
1814,u r i,"['urry', 'urphy', 'ury']"
1815,u r k a,"['urka', 'urca']"
1816,u r l e i,"['urleigh', 'urley']"
1817,u r m a n,"['ourman', 'hurman']"
1818,u r n e,"['urne', 'ourne']"
1819,u r n e i,"['urney', 'ourney']"
1820,u r s,"['urrs', 'urs']"
1821,u r s o,"['urso', 'ursó']"
1822,u r s t̪,"['urste', 'urst']"
1823,u r t̪,"['urt', 'ourt', 'urratt']"
1824,u r t̪ i s,"['urtis', 'urtiss']"
1825,u r ç e s,"['ourges', 'urgess']"
1826,u s,"['us', 'ues']"
1827,u s a n,"['usan', 'ushan']"
1828,u s e ʎ,"['usell', 'ussell']"
1829,u s i,"['ousy', 'ushy']"
1830,u s i k,"['usic', 'usik']"
1831,u s j a,"['uchsia', 'usia']"
1832,u s k o,"['usco', 'uscó']"
1833,u s t̪ o,"['usto', 'ousteau']"
1834,u s t̪ ɾ o u ŋ ɡ a ɾ o,"['ustroúngaro', 'ustrohúngaro']"
1835,u tʃ,"['ouch', 'uch']"
1836,u tʃ e,"['ouche', 'uche']"
1837,u tʃ o,"['ucho', 'uchó']"
1838,u t̪ a,"['utta', 'uta']"
1839,u t̪ a n,"['hutan', 'után']"
1840,u t̪ e,"['ute', 'outhhe']"
1841,u t̪ e m b e r ɣ,"['utenberg', 'uttenberg']"
1842,u t̪ e ɾ o,"['utero', 'útero']"
1843,u t̪ i l,"['útil', 'util']"
1844,u t̪ o n,"['utton', 'uton']"
1845,u t̪ o ɾ,"['utor', 'uthor']"
1846,u t̪ u ɾ e,"['uture', 'outure']"
1847,u u ð,"['uud', 'uut']"
1848,u x a n,"['ujan', 'uján']"
1849,u ç i k a,"['ugica', 'ujica']"
1850,u ð a,"['xuda', 'uda', 'uddha']"
1851,u ð s i ð e,"['oodside', 'utside']"
1852,u ð s o n,"['oodson', 'udson']"
1853,u ð w i n,"['oodwyn', 'oodwin']"
1854,u ð β o l,"['utbol', 'útbol']"
1855,u ŋ k,"['unk', 'unch']"
1856,u ŋ ɡ,"['ung', 'oung', 'hung']"
1857,u ɣ c i,"['ucky', 'hucky']"
1858,u ɣ o,"['ugó', 'ugo', 'hugo']"
1859,u ɣ s,"['ugs', 'hugs']"
1860,u ɲ e θ,"['uñez', 'úñez']"
1861,u ɲ i,"['ounty', 'uñi']"
1862,u ɲ i ɣ a,"['úñiga', 'uñiga']"
1863,u ɲ j o,"['unio', 'unió']"
1864,u ɲ ç e,"['unge', 'ounge']"
1865,u ɲ ç e ɾ,"['ounger', 'unger']"
1866,u ɾ,"['our', 'ur']"
1867,u ɾ a k a n,"['huracán', 'uracán']"
1868,u ɾ a n,"['uran', 'urán']"
1869,u ɾ e m b e r ɣ,"['úremberg', 'uremberg']"
1870,u ɾ i,"['huri', 'uri']"
1871,u ɾ i k o,"['uricó', 'úrico']"
1872,u ɾ i n,"['urín', 'urin']"
1873,u ɾ i tʃ,"['úrich', 'urich']"
1874,u ɾ j a,"['úria', 'uria']"
1875,u ɾ o,"['uró', 'uro']"
1876,u ɾ u,"['uru', 'urú']"
1877,u ʝ e s,"['ugues', 'ughes']"
1878,u ʝ i,"['udgy', 'ugi', 'uyi']"
1879,u ʝ o,"['uyó', 'uyo', 'huyó']"
1880,u β,"['uw', 'ub', 'up']"
1881,u β a,"['ubba', 'uba', 'uva']"
1882,u β a i,"['ubai', 'ubái']"
1883,u β a n,"['uban', 'ubán']"
1884,u β e r ɲ j a,"['ubernia', 'uvernia']"
1885,u β i,"['ubí', 'uby', 'ugby']"
1886,u β i n,"['hauvin', 'ubin']"
1887,u β j e ɾ o n,"['uvieron', 'ubieron']"
1888,u β l e,"['ubble', 'ouble', 'uble']"
1889,u β l i k a,"['ública', 'ublica']"
1890,u β l i k o,"['ublico', 'ublicó', 'úblico']"
1891,u β o,"['uvo', 'hubo', 'ubo']"
1892,u β s,"['ubs', 'oubs']"
1893,u θ a,"['uza', 'otha']"
1894,u θ j o,"['uzio', 'ucio']"
1895,w,"['ü', 'ogg']"
1896,w a,"['hua', 'ua', 'wa']"
1897,w a c i n,"['oaquín', 'oaquin']"
1898,w a l,"['uál', 'ual', 'oal']"
1899,w a l d̪,"['wald', 'oald']"
1900,w a n d̪ o,"['uándo', 'uando']"
1901,w a n t̪ o,"['uanto', 'uánto']"
1902,w a n t̪ o s,"['uántos', 'uantos']"
1903,w a o,"['oao', 'wao']"
1904,w a r ð j a,"['auardia', 'uardia']"
1905,w a r ð j a n,"['uardián', 'uardian']"
1906,w a r ɣ,"['oark', 'wark']"
1907,w a s,"['was', 'uas']"
1908,w a s t̪ e k a,"['uasteca', 'huasteca']"
1909,w e,"['ué', 'we', 'ue']"
1910,w e l a,"['huela', 'uela']"
1911,w e l e,"['huele', 'uele']"
1912,w e n,"['uen', 'wen']"
1913,w e r t̪ a,"['huerta', 'uerta']"
1914,w e r t̪ a s,"['uertas', 'huertas']"
1915,w e r t̪ o,"['huerto', 'uerto']"
1916,w e r t̪ o s,"['huertos', 'uertos']"
1917,w e s,"['ues', 'ewes']"
1918,w e s o,"['hueso', 'ueso']"
1919,w e s o s,"['huesos', 'uesos']"
1921,w e ʎ a,"['uella', 'huella']"
1922,w e β a s,"['huevas', 'uevas']"
1923,w e β o,"['huevo', 'uevo']"
1924,w e β o s,"['uevos', 'huevos']"
1925,w i m,"['wim', 'uim']"
1926,w i n,"['uin', 'uinn', 'win']"
1927,w i n e a i s a u,"['uineaisáu', 'uineaissau']"
1928,w i s,"['uís', 'uis']"
1929,w i s a,"['uísa', 'uisa']"
1930,w i tʃ,"['witch', 'widget']"
1931,w i t̪ e,"['uite', 'white']"
1932,w i ð a,"['huida', 'uida']"
1934,w i ɣ,"['whig', 'uig']"
1935,w i θ a,"['uiza', 'uizá']"
1936,w o,"['oao', 'wo', 'uo']"
1938,x a k a s,"['hacas', 'jacas']"
1939,x a u s,"['arehouse', 'house', 'hous']"
1940,x a ŋ k,"['ncash', 'hank']"
1941,x o,"['hjo', 'jo']"
1942,x o c e i,"['jockey', 'hockey']"
1943,x o k,"['hoc', 'hock']"
1944,x o t̪ a,"['j', 'hota']"
1946,x t̪ o,"['chteau', 'hteau']"
1947,x u n t̪ o,"['juntó', 'junto']"
1948,x u ɣ o,"['jugo', 'jugó']"
1949,x u ɲ j o ɾ,"['junior', 'júnior', 'jr']"
1950,x u ɾ o,"['juro', 'juró']"
1951,ç e,"['axe', 'je']"
1952,ç e k a,"['heka', 'heca']"
1953,ç e n,"['xygen', 'gen', 'hen']"
1954,ç e n e ɾ o,"['genero', 'género', 'generó']"
1955,ç e s w i t̪ a s,"['jesuítas', 'jesuitas']"
1956,ç i,"['gi', 'hy']"
1957,ç i t̪,"['xit', 'hit']"
1958,ç i ɾ o,"['giró', 'giro']"
1959,ð i,"['addy', 'ddy']"
1961,ŋ k,"['ncash', 'nc', 'ngke']"
1962,ŋ ɡ ɾ e s o,"['ngreso', 'ngresó']"
1963,ɟʝ a,"['ia', 'ya']"
1964,ɟʝ a c i,"['acky', 'acqui']"
1965,ɟʝ a k,"['yak', 'jack', 'iak']"
1966,ɟʝ a l,"['ial', 'iale']"
1967,ɟʝ a n,"['yan', 'iam', 'ian']"
1968,ɟʝ a n a,"['iana', 'ianna']"
1969,ɟʝ a s,"['jazz', 'azz', 'ias']"
1970,ɟʝ a t̪,"['iat', 'yat', 'yatt']"
1971,ɟʝ a ð,"['yat', 'iad']"
1972,ɟʝ e,"['hie', 'ye']"
1973,ɟʝ e l,"['yell', 'iel', 'hiel']"
1974,ɟʝ e l o,"['ielo', 'hielo']"
1975,ɟʝ e l o s,"['hielos', 'ielos']"
1976,ɟʝ e r a,"['ierra', 'yerra']"
1977,ɟʝ e r o,"['hierro', 'ierro']"
1978,ɟʝ e r β a,"['ierba', 'yerba', 'hierba']"
1979,ɟʝ i,"['ychy', 'yuí', 'yi']"
1980,ɟʝ i n s,"['eans', 'ceans']"
1981,ɟʝ k,"['yck', 'yke']"
1982,ɟʝ o,"['yto', 'hio', 'yo']"
1983,ɟʝ o k o,"['yoko', 'ioko']"
1984,ɟʝ o l a,"['iola', 'yola']"
1986,ɟʝ o n,"['yon', 'ion']"
1987,ɟʝ o t̪ a,"['iota', 'yota']"
1988,ɟʝ o β a n i,"['iovani', 'iovanni']"
1989,ɟʝ u ð a,"['yuda', 'iuda']"
1990,ɟʝ u ð a s,"['yudas', 'iudas']"
1991,ɟʝ u ð o,"['yudó', 'yudo']"
1992,ɡ,"['gt', 'g']"
1993,ɡ a m a,"['gama', 'gamma']"
1994,ɡ a n o,"['gano', 'ganó']"
1995,ɡ a s t̪ o,"['gastó', 'gasto']"
1996,ɡ a t̪ a,"['gatha', 'gata']"
1997,ɡ j o n,"['guion', 'guión']"
1998,ɡ u s t̪ i n,"['gustín', 'gustin']"
1999,ɡ u s t̪ o,"['gusto', 'gustó']"
2000,ɡ w a r ð o,"['guardó', 'guardo']"
2001,ɡ ɾ a β a,"['grava', 'graba']"
2002,ɡ ɾ i t̪ o,"['gritó', 'grito']"
2003,ɡ ɾ u p o,"['grupo', 'grupó']"
2004,ɲ j o n,"['nion', 'nión']"
2005,ɾ,"['hard', 'ahr', 'har']"
2007,ɾ i,"['hree', 'ahri']"
2008,ɾ i s t̪ o f e ɾ,"['hristofer', 'hristopher']"
2010,ɾ k o ɾ e,"['ardcore', 'hardcore']"
2011,ʃ,"['alsh', 'sh', 'x']"
2012,ʃ i f,"['chiff', 'shift']"
2013,ʎ,"['llt', 'll']"
2014,ʎ a,"['lla', 'llá', 'llah']"
2015,ʎ a m a n,"['llman', 'llaman']"
2016,ʎ a m e,"['llamé', 'llame']"
2017,ʎ a m o,"['llamó', 'llamo']"
2018,ʎ e,"['atlle', 'lle']"
2019,ʎ e n o,"['llenó', 'lleno']"
2020,ʎ e ɣ a ɾ a,"['llegara', 'llegará']"
2021,ʎ e ɣ a ɾ a n,"['llegarán', 'llegaran']"
2022,ʎ e ɣ o,"['llegó', 'llego']"
2023,ʎ e β a ɾ a,"['llevará', 'llevara']"
2024,ʎ e β o,"['llevo', 'llevó']"
2025,ʎ i,"['llí', 'llie']"
2026,ʎ i o t̪,"['lliot', 'lliott']"
2027,ʎ o,"['atlló', 'llo']"
2028,β a,"['bba', 'lba', 'va']"
2029,β i,"['vy', 'bby']"
2030,β s a l a,"['psala', 'ppsala']"
2031,θ,"['z', 'azz', 'atch']"
2032,θ e,"['ce', 'c']"
2033,θ e l e β ɾ a ɾ a n,"['celebrarán', 'celebraran']"
2034,θ e n t̪ ɾ o,"['centro', 'centró']"
2035,θ e r k o,"['cercó', 'cerco']"
2036,θ e r o,"['cerro', 'cerró']"
2038,θ i,"['zzie', 'zi']"
2039,θ i r k u l o,"['circuló', 'círculo']"
2040,θ i ŋ k,"['zinc', 'cinc']"